SubjectId;Timestamp;Round;RepeatCount;RoundType;PlayerXPos;PlayerYPos;PlayerZPos;HorizontalPlayerRot;VerticalPlayerRot;HorizontalHmdRot;VerticalHmdRot
0;0.010;0;0;Training_Ring_Only;-0.6892826;-1.001632E-06;38.47994;356.7104;5.450694E-06;356.6769;0.4042355
0;0.122;0;0;Training_Ring_Only;-0.8589147;-1.308578E-06;41.26225;356.2166;6.506584E-06;0.2257635;2.70538
0;0.233;0;0;Training_Ring_Only;-1.059312;-1.639526E-06;44.05125;355.3729;7.997854E-06;2.277144;5.378791
0;0.345;0;0;Training_Ring_Only;-1.319082;-2.010305E-06;46.83115;353.6076;5.738019E-06;0.6674486;6.339519
0;0.457;0;0;Training_Ring_Only;-1.681722;-2.207936E-06;49.59594;351.1883;3.302115E-06;0.6404976;6.75972
0;0.568;0;0;Training_Ring_Only;-2.175738;-2.308837E-06;52.34522;347.7912;1.426114E-06;1.899847;7.409483
0;0.681;0;0;Training_Ring_Only;-2.860469;-2.340417E-06;55.06408;343.6183;1.512088E-06;1.639933;8.619226
0;0.792;0;0;Training_Ring_Only;-3.722601;-2.409654E-06;57.70536;339.7894;1.825842E-06;1.421862;8.905198
0;0.903;0;0;Training_Ring_Only;-4.759493;-2.293285E-06;60.29743;336.5996;-4.93297E-06;359.8298;8.258475
0;1.016;0;0;Training_Ring_Only;-5.891357;-2.070457E-06;62.86507;336.2595;-4.78427E-06;1.496658;7.398753
0;1.127;0;0;Training_Ring_Only;-6.967345;-1.947107E-06;65.42973;339.1092;-9.607918E-07;6.633831;7.896415
0;1.239;0;0;Training_Ring_Only;-7.842797;-1.869734E-06;68.08156;345.2592;-4.693167E-06;13.52061;7.264613
0;1.350;0;0;Training_Ring_Only;-8.407127;-1.67761E-06;70.81551;352.2125;-4.156832E-06;18.59736;8.393901
0;1.462;0;0;Training_Ring_Only;-8.624492;-1.465241E-06;73.59763;359.5711;-4.38355E-06;20.22334;7.397763
0;1.574;0;0;Training_Ring_Only;-8.490303;-1.26387E-06;76.38406;6.449055;-3.767156E-06;25.2912;6.573016
0;1.686;0;0;Training_Ring_Only;-8.043114;-1.261546E-06;79.1488;12.32009;2.671948E-06;28.89463;8.507948
0;1.797;0;0;Training_Ring_Only;-7.342468;-1.153552E-06;81.84243;17.17945;-2.782759E-06;29.83356;9.685422
0;1.909;0;0;Training_Ring_Only;-6.433385;-1.149088E-06;84.48056;21.12817;-9.238575E-07;32.25773;10.24624
0;2.021;0;0;Training_Ring_Only;-5.36386;-9.50194E-07;87.06297;23.92773;-5.569846E-06;31.91178;9.379969
0;2.132;0;0;Training_Ring_Only;-4.200764;-6.04883E-07;89.60107;25.23656;-1.666541E-05;29.22144;10.13777
0;2.244;0;0;Training_Ring_Only;-3.010529;-1.163657E-07;92.13058;24.7788;-2.03557E-06;27.38417;9.911853
0;2.356;0;0;Training_Ring_Only;-1.876942;1.160145E-07;94.67651;22.88092;-2.662015E-06;26.12643;10.14812
0;2.468;0;0;Training_Ring_Only;-0.8390304;4.24905E-07;97.27972;20.14364;0;24.06133;9.778084
0;2.579;0;0;Training_Ring_Only;0.05234487;3.293191E-07;99.9174;16.91026;3.129679E-06;22.58633;9.318658
0;2.691;0;0;Training_Ring_Only;0.808964;2.204439E-07;102.605;14.4942;2.106966E-06;22.11246;8.917409
0;2.804;0;0;Training_Ring_Only;1.48337;6.069383E-09;105.3633;12.98526;4.046453E-06;22.24242;8.287775
0;2.926;0;0;Training_Ring_Only;2.15801;-9.302425E-08;108.3383;12.83472;8.485306E-07;22.37922;8.003422
0;3.048;0;0;Training_Ring_Only;2.850665;-1.717933E-07;111.3092;13.49901;2.706841E-06;22.16654;7.68831
0;3.160;0;0;Training_Ring_Only;3.516405;-1.56047E-07;114.0186;14.14755;-2.437411E-06;22.0174;7.583918
0;3.272;0;0;Training_Ring_Only;4.207774;-3.479283E-08;116.7298;14.40864;-2.719486E-06;21.88724;7.390827
0;3.442;0;0;Training_Ring_Only;5.258306;-3.808392E-08;120.8363;13.81091;-9.505667E-07;21.73842;7.230068
0;3.562;0;0;Training_Ring_Only;5.964603;-1.557658E-07;123.7674;13.26003;1.636277E-06;21.54877;6.162301
0;3.674;0;0;Training_Ring_Only;6.595579;-2.175803E-07;126.4801;12.94106;3.794654E-07;21.38709;5.369681
0;3.785;0;0;Training_Ring_Only;7.219745;-1.084791E-07;129.2025;12.93508;-2.201299E-06;20.22365;5.510212
0;3.897;0;0;Training_Ring_Only;7.849783;-7.189783E-08;131.9249;13.20808;8.155534E-07;18.8028;5.359002
0;4.008;0;0;Training_Ring_Only;8.49472;-1.414555E-07;134.6366;13.53485;5.483155E-07;17.79672;4.046492
0;4.120;0;0;Training_Ring_Only;9.147152;-1.156639E-07;137.3558;13.3639;-3.273216E-08;17.64415;2.602712
0;4.232;0;0;Training_Ring_Only;9.78079;-1.027362E-07;140.0716;12.7431;-8.146964E-07;17.3145;1.165017
0;4.344;0;0;Training_Ring_Only;10.37027;-2.153592E-07;142.8025;11.36893;2.548358E-06;16.04859;359.838
0;4.455;0;0;Training_Ring_Only;10.88277;-2.994348E-07;145.5514;9.516345;1.046355E-06;14.82629;359.8577
0;4.567;0;0;Training_Ring_Only;11.29762;-3.839246E-07;148.308;7.339611;2.57219E-06;11.31315;0.07946861
0;4.679;0;0;Training_Ring_Only;11.6059;-5.320833E-07;151.0907;5.099056;2.267171E-06;8.401798;359.2029
0;4.790;0;0;Training_Ring_Only;11.80751;-5.869697E-07;153.8673;3.072796;4.503279E-08;4.801983;356.7649
0;4.902;0;0;Training_Ring_Only;11.92065;-5.923985E-07;156.6593;1.470755;5.272484E-07;0.6622437;352.7131
0;5.014;0;0;Training_Ring_Only;11.96313;-5.814686E-07;159.4527;0.235051;-6.396602E-07;357.0589;349.5532
0;5.125;0;0;Training_Ring_Only;11.95863;-5.526243E-07;162.2433;359.6089;-4.317098E-07;354.943;347.4045
0;5.237;0;0;Training_Ring_Only;11.93256;-5.108377E-07;165.0394;359.3814;-1.186668E-06;353.7123;345.8076
0;5.349;0;0;Training_Ring_Only;11.90737;-4.364702E-07;167.8357;359.6687;-1.602063E-06;353.3714;344.9441
0;5.461;0;0;Training_Ring_Only;11.89977;-3.476907E-07;170.6263;0.0751702;-1.706575E-06;352.4278;344.9682
0;5.573;0;0;Training_Ring_Only;11.91496;-2.767624E-07;173.4162;0.6563945;-1.664771E-06;351.8296;345.1962
0;5.684;0;0;Training_Ring_Only;11.96721;-1.837853E-07;176.2156;1.67603;-2.436232E-06;352.587;345.3051
0;5.796;0;0;Training_Ring_Only;12.08158;-1.036544E-07;179.0033;3.299239;-2.866056E-07;353.7083;345.3506
0;5.908;0;0;Training_Ring_Only;12.28859;-7.650052E-08;181.7856;5.426886;-1.435031E-06;354.9062;345.9346
0;6.020;0;0;Training_Ring_Only;12.59642;-6.957519E-08;184.5703;7.352896;-5.556753E-07;357.4095;347.0025
0;6.131;0;0;Training_Ring_Only;12.99154;-8.432422E-08;187.3251;9.076335;-1.177654E-06;1.389738;348.5519
0;6.243;0;0;Training_Ring_Only;13.46097;3.363496E-08;190.0935;10.18459;-4.977951E-06;3.73021;349.7709
0;6.355;0;0;Training_Ring_Only;13.9704;1.916177E-07;192.8331;10.8454;-3.399898E-06;4.312529;350.3677
0;6.467;0;0;Training_Ring_Only;14.49901;4.272399E-07;195.5881;10.80972;-5.936913E-06;3.828741;350.7786
0;6.589;0;0;Training_Ring_Only;15.06704;6.896667E-07;198.5912;10.56012;-6.018359E-06;2.797543;350.7251
0;6.701;0;0;Training_Ring_Only;15.57659;9.704122E-07;201.3446;10.45321;-4.338613E-06;359.3389;349.4987
0;6.813;0;0;Training_Ring_Only;16.08251;1.086604E-06;204.0839;10.49018;-2.419635E-06;355.9398;348.0876
0;6.924;0;0;Training_Ring_Only;16.59691;1.235834E-06;206.8283;10.87274;-1.699949E-06;353.8791;346.7832
0;7.037;0;0;Training_Ring_Only;17.13874;1.450665E-06;209.5791;11.46785;-6.796714E-06;353.2172;345.0244
0;7.148;0;0;Training_Ring_Only;17.70622;1.789432E-06;212.3047;12.14542;-7.575989E-06;353.6597;342.3454
0;7.260;0;0;Training_Ring_Only;18.30946;2.120933E-06;215.0341;12.85144;-6.394213E-06;354.8812;339.7683
0;7.371;0;0;Training_Ring_Only;18.94544;2.458184E-06;217.7504;13.575;-5.93015E-06;356.0312;337.5138
0;7.483;0;0;Training_Ring_Only;19.61629;2.762497E-06;220.4609;14.30775;-6.851728E-06;356.8269;336.3846
0;7.595;0;0;Training_Ring_Only;20.32251;3.089253E-06;223.1616;15.09669;-6.884934E-06;357.7164;336.4601
0;7.707;0;0;Training_Ring_Only;21.0703;3.37973E-06;225.8579;16.01098;-5.218377E-06;358.3262;338.1916
0;7.818;0;0;Training_Ring_Only;21.85969;3.261333E-06;228.5344;16.95783;9.186673E-06;359.158;342.8144
0;7.930;0;0;Training_Ring_Only;22.69467;3.011473E-06;231.2006;17.88587;9.493139E-07;357.6517;345.3094
0;8.042;0;0;Training_Ring_Only;23.56619;3.044652E-06;233.8514;18.49177;-1.889699E-06;356.6205;346.8091
0;8.154;0;0;Training_Ring_Only;24.45997;3.03907E-06;236.5204;18.41677;2.777554E-06;355.7141;347.1979
0;8.276;0;0;Training_Ring_Only;25.40746;2.875229E-06;239.4216;17.46713;3.541156E-06;354.6021;347.2778
0;8.388;0;0;Training_Ring_Only;26.20784;2.588528E-06;242.0941;15.60362;8.350266E-06;353.0875;347.6935
0;8.500;0;0;Training_Ring_Only;26.91731;2.012905E-06;244.8034;13.52102;1.50804E-05;352.0182;348.0998
0;8.611;0;0;Training_Ring_Only;27.52196;1.259039E-06;247.5227;11.3651;1.673524E-05;350.7087;347.7682
0;8.723;0;0;Training_Ring_Only;28.03591;6.352768E-07;250.2661;9.802777;7.581491E-06;349.8148;347.1208
0;8.835;0;0;Training_Ring_Only;28.48302;2.941826E-07;253.0199;8.564909;7.023511E-06;349.6031;346.8021
0;8.947;0;0;Training_Ring_Only;28.8821;-3.163887E-08;255.7915;7.863129;7.026672E-06;351.6954;347.4205
0;9.059;0;0;Training_Ring_Only;29.25839;-3.918717E-07;258.5651;7.62556;7.493077E-06;356.1801;349.5052
0;9.170;0;0;Training_Ring_Only;29.63162;-7.558599E-07;261.3232;7.957315;7.493076E-06;0.318673;351.7411
0;9.282;0;0;Training_Ring_Only;30.03895;-1.128952E-06;264.0851;9.037912;8.511995E-06;3.501278;353.2908
0;9.393;0;0;Training_Ring_Only;30.50798;-1.540713E-06;266.8327;10.52436;7.885566E-06;4.609443;354.244
0;9.506;0;0;Training_Ring_Only;31.05802;-1.956016E-06;269.5886;12.27167;8.846397E-06;5.902175;355.4906
0;9.617;0;0;Training_Ring_Only;31.68496;-2.391059E-06;272.2976;13.88245;8.900234E-06;8.288069;356.9886
0;9.729;0;0;Training_Ring_Only;32.38218;-2.796132E-06;275.0061;15.01582;8.465388E-06;8.769294;357.6293
0;9.840;0;0;Training_Ring_Only;33.11956;-3.219392E-06;277.6978;15.53659;8.882464E-06;4.599393;358.0213
0;9.952;0;0;Training_Ring_Only;33.86228;-3.601729E-06;280.3858;15.25561;5.468623E-06;358.8212;359.7155
0;10.064;0;0;Training_Ring_Only;34.58479;-3.834842E-06;283.085;14.5763;3.798104E-06;355.2282;0.04175249
0;10.175;0;0;Training_Ring_Only;35.26667;-4.041252E-06;285.7945;13.55326;4.226208E-06;353.4616;359.707
0;10.287;0;0;Training_Ring_Only;35.89596;-4.225293E-06;288.5138;12.36891;3.439514E-06;351.797;359.6025
0;10.398;0;0;Training_Ring_Only;36.46589;-4.344602E-06;291.2433;11.07773;2.486489E-06;350.4982;359.246
0;10.511;0;0;Training_Ring_Only;36.9743;-4.466147E-06;294.0003;9.667659;2.976326E-06;349.636;358.33
0;10.623;0;0;Training_Ring_Only;37.41302;-4.568753E-06;296.7645;8.216705;2.181395E-06;348.7751;357.6736
0;10.734;0;0;Training_Ring_Only;37.78071;-4.682264E-06;299.5289;6.838715;2.342851E-06;347.7088;357.6764
0;10.845;0;0;Training_Ring_Only;38.08865;-4.795902E-06;302.2908;5.931388;2.342851E-06;346.9227;356.943
0;10.957;0;0;Training_Ring_Only;38.36863;-4.941169E-06;305.0747;5.511655;3.375865E-06;346.8122;356.4341
0;11.069;0;0;Training_Ring_Only;38.63212;-5.13054E-06;307.8589;5.404162;4.303842E-06;346.8024;356.4972
0;11.181;0;0;Training_Ring_Only;38.90056;-5.319344E-06;310.635;5.688389;3.83731E-06;347.3196;356.2252
0;11.292;0;0;Training_Ring_Only;39.18824;-5.530581E-06;313.4113;6.28315;4.447348E-06;348.2931;355.2992
0;11.404;0;0;Training_Ring_Only;39.51669;-5.748829E-06;316.1862;7.335617;4.688972E-06;349.1174;354.2363
0;11.516;0;0;Training_Ring_Only;39.89139;-5.981261E-06;318.9501;8.217055;4.897459E-06;349.3685;353.7297
0;11.627;0;0;Training_Ring_Only;40.31455;-6.209466E-06;321.7126;9.261978;4.468231E-06;352.6331;352.9915
0;11.740;0;0;Training_Ring_Only;40.78458;-6.43044E-06;324.481;10.10464;4.678445E-06;356.1723;351.8711
0;11.863;0;0;Training_Ring_Only;41.34518;-6.669481E-06;327.5119;10.82371;3.932343E-06;359.655;347.9582
0;11.985;0;0;Training_Ring_Only;41.92846;-6.873588E-06;330.504;11.26879;3.399048E-06;2.006093;345.7449
0;12.120;0;0;Training_Ring_Only;42.59622;-7.04164E-06;333.7973;11.72224;2.885239E-06;2.457498;346.0146
0;12.231;0;0;Training_Ring_Only;43.1721;-7.215408E-06;336.5201;12.2756;4.179763E-06;1.870962;346.4806
0;12.342;0;0;Training_Ring_Only;43.78646;-7.44007E-06;339.2455;13.27875;4.666269E-06;0.9654965;346.7764
0;12.454;0;0;Training_Ring_Only;44.4529;-7.679175E-06;341.9559;14.55258;4.660723E-06;358.1925;347.3912
0;12.566;0;0;Training_Ring_Only;45.18488;-7.860453E-06;344.6457;16.07425;2.961094E-06;353.107;348.6089
0;12.680;0;0;Training_Ring_Only;46.00819;-8.000916E-06;347.3801;17.51811;2.109913E-06;350.1906;349.5766
0;12.807;0;0;Training_Ring_Only;46.99662;-7.981638E-06;350.4001;18.85698;0;351.206;350.6656
0;12.924;0;0;Training_Ring_Only;47.95458;-7.963949E-06;353.1628;19.26353;-9.922675E-07;353.1547;351.9727
0;13.036;0;0;Training_Ring_Only;48.87687;-7.888216E-06;355.8036;19.17989;-4.209027E-07;353.8822;350.9753
0;13.148;0;0;Training_Ring_Only;49.78226;-7.896852E-06;358.449;18.39853;1.685358E-06;351.7049;350.8755
0;13.270;0;0;Training_Ring_Only;50.7158;-7.820585E-06;361.3524;17.09468;0;345.137;351.1992
0;13.381;0;0;Training_Ring_Only;51.50529;-7.800108E-06;364.0241;15.68526;-1.738556E-06;340.8249;351.5027
0;13.495;0;0;Training_Ring_Only;52.24475;-7.658393E-06;366.7673;14.38369;-4.658093E-06;336.7404;347.2004
0;13.616;0;0;Training_Ring_Only;52.97074;-7.51848E-06;369.7046;13.39795;-2.543674E-06;331.4505;347.0706
0;13.727;0;0;Training_Ring_Only;53.60727;-7.398743E-06;372.4234;12.95805;-2.15879E-06;328.0302;344.3874
0;13.840;0;0;Training_Ring_Only;54.23798;-7.265768E-06;375.1694;13.00383;-1.773148E-06;327.5302;345.8938
0;13.962;0;0;Training_Ring_Only;54.93406;-7.13101E-06;378.1388;13.51005;-2.967675E-06;328.8682;346.8047
0;14.074;0;0;Training_Ring_Only;55.60384;-6.991612E-06;380.8474;14.4062;-2.117824E-06;332.5958;349.4775
0;14.186;0;0;Training_Ring_Only;56.32238;-6.871966E-06;383.5507;15.51755;-2.96211E-06;340.5034;352.4348
0;14.297;0;0;Training_Ring_Only;57.09501;-6.714473E-06;386.2331;16.7571;-4.789762E-06;347.6908;355.648
0;14.409;0;0;Training_Ring_Only;57.92564;-6.53682E-06;388.9017;17.92035;-2.953554E-06;358.8868;355.9801
0;14.521;0;0;Training_Ring_Only;58.80576;-6.352052E-06;391.5534;18.84678;-2.948219E-06;8.532099;355.7396
0;14.644;0;0;Training_Ring_Only;59.81487;-6.159812E-06;394.4523;19.5616;-3.786411E-06;14.33497;355.5997
0;14.755;0;0;Training_Ring_Only;60.75846;-5.993185E-06;397.0822;19.90954;-1.261424E-06;17.63378;355.5902
0;14.867;0;0;Training_Ring_Only;61.70991;-5.925992E-06;399.7013;19.97259;-1.261243E-06;18.86082;355.7151
0;14.979;0;0;Training_Ring_Only;62.66249;-5.938723E-06;402.3313;19.7948;-2.532987E-07;18.21116;355.7964
0;15.102;0;0;Training_Ring_Only;63.69742;-5.969657E-06;405.2308;19.43049;5.783365E-07;16.51101;355.6024
0;15.227;0;0;Training_Ring_Only;64.73013;-5.954091E-06;408.1852;19.06863;0;15.02111;355.0332
0;15.349;0;0;Training_Ring_Only;65.72398;-5.951997E-06;411.0757;18.88532;-4.210962E-07;14.01944;354.394
0;15.482;0;0;Training_Ring_Only;66.79277;-5.981607E-06;414.2002;18.94721;1.403849E-06;13.42358;353.3
0;15.593;0;0;Training_Ring_Only;67.70537;-5.935215E-06;416.8433;19.20839;-1.478949E-07;13.5177;351.9248
0;15.706;0;0;Training_Ring_Only;68.63998;-5.963372E-06;419.498;19.65257;-5.814338E-07;13.74067;349.2231
0;15.828;0;0;Training_Ring_Only;69.67805;-5.958987E-06;422.3636;20.27584;4.202621E-07;13.35513;345.4035
0;15.940;0;0;Training_Ring_Only;70.65919;-5.91319E-06;424.981;20.89548;-1.679405E-06;14.59603;343.1461
0;16.062;0;0;Training_Ring_Only;71.76729;-5.6478E-06;427.8407;21.52769;-5.241979E-06;17.00458;339.8907
0;16.174;0;0;Training_Ring_Only;72.8026;-5.424907E-06;430.4374;21.98756;-4.00273E-06;19.55181;336.4195
0;16.308;0;0;Training_Ring_Only;74.0676;-5.062712E-06;433.5425;22.34147;-6.701274E-06;24.7291;331.8058
0;16.431;0;0;Training_Ring_Only;75.23846;-4.758968E-06;436.3803;22.50956;-6.356066E-06;28.62255;329.4293
0;16.554;0;0;Training_Ring_Only;76.41653;-4.558076E-06;439.218;22.57866;-3.686921E-06;30.84996;326.7191
0;16.665;0;0;Training_Ring_Only;77.4853;-4.385964E-06;441.7866;22.60887;-4.353958E-06;31.47433;323.5908
0;16.777;0;0;Training_Ring_Only;78.56234;-4.126865E-06;444.3697;22.67783;-4.351553E-06;30.03053;319.7108
0;16.901;0;0;Training_Ring_Only;79.75216;-3.85174E-06;447.2082;22.85349;-5.021458E-06;27.18603;315.8866
0;17.035;0;0;Training_Ring_Only;81.06791;-3.558917E-06;450.3102;23.19074;-4.182737E-06;21.99657;314.2177
0;17.168;0;0;Training_Ring_Only;82.38877;-3.198419E-06;453.3659;23.63188;-7.52222E-06;10.98383;314.8461
0;17.303;0;0;Training_Ring_Only;83.74341;-2.733482E-06;456.4322;24.11092;-8.350669E-06;357.9082;316.9571
0;17.437;0;0;Training_Ring_Only;85.12407;-2.416363E-06;459.4898;24.55371;-1.668693E-06;344.0224;319.4097
0;17.570;0;0;Training_Ring_Only;86.52171;-2.164601E-06;462.5275;24.90553;-4.168855E-06;331.165;322.7042
0;17.705;0;0;Training_Ring_Only;87.93982;-1.872121E-06;465.566;25.16375;-4.257176E-06;321.4932;325.9814
0;17.839;0;0;Training_Ring_Only;89.37107;-1.564033E-06;468.6003;25.37199;-4.164922E-06;315.5946;330.0849
0;17.973;0;0;Training_Ring_Only;90.8096;-1.295874E-06;471.6222;25.57735;-5.750836E-06;311.6379;334.4651
0;18.107;0;0;Training_Ring_Only;92.26415;-9.565828E-07;474.6475;25.82867;-5.134293E-06;308.4778;335.6758
0;18.241;0;0;Training_Ring_Only;93.72898;-6.723207E-07;477.6566;26.15121;-5.051259E-06;309.3881;337.6138
0;18.375;0;0;Training_Ring_Only;95.21633;-4.280816E-07;480.6652;26.53078;-3.324865E-06;318.9507;344.2897
0;18.509;0;0;Training_Ring_Only;96.72231;-1.857744E-07;483.66;26.92484;-5.812978E-06;333.2489;351.7011
0;18.631;0;0;Training_Ring_Only;98.11676;8.913952E-08;486.3891;27.26023;-4.979299E-06;344.8951;355.4994
0;18.755;0;0;Training_Ring_Only;99.53803;3.208789E-07;489.1315;27.56182;-3.337506E-06;355.4453;358.1859
0;18.889;0;0;Training_Ring_Only;101.092;5.237545E-07;492.094;27.83619;-3.344859E-06;3.625459;0.8876671
0;19.012;0;0;Training_Ring_Only;102.5295;8.092983E-07;494.8049;28.07458;-1.014674E-05;8.122778;2.503694
0;19.124;0;0;Training_Ring_Only;103.8507;1.420892E-06;497.2722;28.29985;-1.325286E-05;10.47571;3.906517
0;19.246;0;0;Training_Ring_Only;105.3111;2.170875E-06;499.9717;28.57537;-1.408073E-05;11.64497;6.808254
0;19.369;0;0;Training_Ring_Only;106.7819;2.991808E-06;502.6581;28.8781;-1.656141E-05;11.14876;12.22472
0;19.492;0;0;Training_Ring_Only;108.2756;3.761497E-06;505.3511;29.21264;-1.156805E-05;8.342986;18.78986
0;19.626;0;0;Training_Ring_Only;109.9206;4.053341E-06;508.2746;29.57079;-4.953712E-06;6.587419;21.28207
0;19.750;0;0;Training_Ring_Only;111.4525;4.317382E-06;510.9603;29.88372;-5.828941E-06;5.760866;22.02772
0;19.883;0;0;Training_Ring_Only;113.1175;4.61038E-06;513.8423;30.19682;-4.946407E-06;6.638973;22.0864
0;20.017;0;0;Training_Ring_Only;114.8089;4.927194E-06;516.7338;30.49791;-5.014411E-06;14.42973;17.95374
0;20.128;0;0;Training_Ring_Only;116.2274;5.132768E-06;519.1317;30.7484;-4.042047E-06;24.60813;12.00048
0;20.264;0;0;Training_Ring_Only;117.9662;5.364089E-06;522.039;31.06521;-3.290811E-06;34.77067;4.569751
0;20.397;0;0;Training_Ring_Only;119.6874;5.415843E-06;524.8807;31.39617;-8.221554E-07;36.98211;358.3057
0;20.531;0;0;Training_Ring_Only;121.4402;5.463926E-06;527.7363;31.73916;-8.221555E-07;35.89596;351.8185
0;20.655;0;0;Training_Ring_Only;123.0689;5.508188E-06;530.3558;32.0523;-8.221555E-07;31.70061;346.9898
0;20.789;0;0;Training_Ring_Only;124.861;5.698971E-06;533.203;32.37435;-4.35839E-06;28.14604;342.6566
0;20.922;0;0;Training_Ring_Only;126.6448;5.935177E-06;536.0023;32.67989;-3.416978E-06;27.06169;340.8373
0;21.056;0;0;Training_Ring_Only;128.4632;5.906156E-06;538.8229;32.98773;1.105336E-06;24.31423;341.8672
0;21.203;0;0;Training_Ring_Only;130.4641;5.835526E-06;541.8889;33.33932;1.105336E-06;21.6283;340.0192
0;21.324;0;0;Training_Ring_Only;132.1423;5.77681E-06;544.428;33.63651;1.105336E-06;21.70608;338.0366
0;21.458;0;0;Training_Ring_Only;134.0031;5.712247E-06;547.21;33.97926;1.105336E-06;26.60866;337.8945
0;21.592;0;0;Training_Ring_Only;135.8835;5.647581E-06;549.985;34.31744;1.105336E-06;37.26578;341.9543
0;21.726;0;0;Training_Ring_Only;137.7799;5.58291E-06;552.749;34.64839;1.105336E-06;48.87822;345.3669
0;21.860;0;0;Training_Ring_Only;139.6919;5.518259E-06;555.5015;34.97958;1.105336E-06;57.90608;347.8623
0;21.994;0;0;Training_Ring_Only;141.6198;5.4536E-06;558.2432;35.30199;1.105337E-06;61.19934;349.2843
0;22.128;0;0;Training_Ring_Only;143.5623;5.388968E-06;560.9729;35.62638;1.105337E-06;60.30296;349.5825
0;22.263;0;0;Training_Ring_Only;145.5275;5.324095E-06;563.7014;35.95769;1.105337E-06;57.66787;349.5074
0;22.397;0;0;Training_Ring_Only;147.496;5.259639E-06;566.4013;36.28789;1.105337E-06;55.04088;349.4737
0;22.531;0;0;Training_Ring_Only;149.4866;5.19497E-06;569.0988;36.61711;1.105337E-06;53.14943;349.2863
0;22.664;0;0;Training_Ring_Only;151.4898;5.130385E-06;571.781;36.94262;1.105337E-06;53.51458;348.8343
0;22.799;0;0;Training_Ring_Only;153.5139;5.065609E-06;574.4598;37.26026;1.105338E-06;54.8131;348.5641
0;22.933;0;0;Training_Ring_Only;155.5474;5.001008E-06;577.1202;37.5759;1.105338E-06;55.1841;348.5583
0;23.067;0;0;Training_Ring_Only;157.6037;4.936154E-06;579.7797;37.89827;1.105337E-06;54.23907;348.3573
0;23.201;0;0;Training_Ring_Only;159.6671;4.871547E-06;582.4175;38.22491;1.105338E-06;51.63699;347.934
0;23.335;0;0;Training_Ring_Only;161.7397;4.807118E-06;585.0362;38.55144;1.105338E-06;48.07491;348.078
0;23.470;0;0;Training_Ring_Only;163.8531;4.741893E-06;587.6752;38.87892;1.105338E-06;44.15565;348.8327
0;23.603;0;0;Training_Ring_Only;165.9439;4.673041E-06;590.256;39.19637;1.608886E-06;41.37731;349.5294
0;23.737;0;0;Training_Ring_Only;168.0697;4.630418E-06;592.8505;39.51588;8.041783E-07;40.32946;349.9576
0;23.871;0;0;Training_Ring_Only;170.2087;4.583358E-06;595.4316;39.8382;8.028301E-07;39.80394;349.6421
0;24.005;0;0;Training_Ring_Only;172.3594;4.551291E-06;597.9972;40.16355;-8.020011E-07;38.89862;348.5908
0;24.139;0;0;Training_Ring_Only;174.5339;4.645284E-06;600.5612;40.49222;-1.603456E-06;37.40745;348.2784
0;24.273;0;0;Training_Ring_Only;176.7078;4.73872E-06;603.0952;40.81519;-1.603455E-06;35.21905;348.0816
0;24.407;0;0;Training_Ring_Only;178.9037;4.83248E-06;605.6257;41.13853;-1.603455E-06;31.90683;348.2784
0;24.541;0;0;Training_Ring_Only;181.1181;4.92643E-06;608.1487;41.45881;-1.603455E-06;27.34968;349.4244
0;24.675;0;0;Training_Ring_Only;183.3418;5.020172E-06;610.6538;41.78095;-1.603455E-06;21.74631;351.7205
0;24.810;0;0;Training_Ring_Only;185.5815;5.113999E-06;613.1487;42.10484;-1.603455E-06;15.51972;354.6319
0;24.943;0;0;Training_Ring_Only;187.8308;5.207637E-06;615.6258;42.43171;-1.603455E-06;8.069719;355.5992
0;25.078;0;0;Training_Ring_Only;190.1046;5.301696E-06;618.101;42.77116;-1.603455E-06;359.482;356.2442
0;25.212;0;0;Training_Ring_Only;192.3837;5.395369E-06;620.5524;43.10789;-1.603455E-06;352.9159;356.9151
0;25.325;0;0;Training_Ring_Only;194.3201;5.474507E-06;622.613;43.38822;-1.603455E-06;349.0797;358.4612
0;25.457;0;0;Training_Ring_Only;196.5952;5.56696E-06;625.0084;43.71352;-1.603455E-06;343.5427;359.8663
0;25.592;0;0;Training_Ring_Only;198.9324;5.661375E-06;627.4413;44.04263;-1.603455E-06;335.7035;357.6593
0;25.725;0;0;Training_Ring_Only;201.2546;5.75463E-06;629.8312;44.36373;-1.603455E-06;330.5002;356.1103
0;25.859;0;0;Training_Ring_Only;203.6005;5.848307E-06;632.2186;44.68367;-1.603455E-06;327.537;354.1737
0;25.993;0;0;Training_Ring_Only;205.9615;5.942047E-06;634.5947;45.00261;-1.603455E-06;327.9634;350.8236
0;26.128;0;0;Training_Ring_Only;208.3515;6.03641E-06;636.9731;45.3277;-1.603454E-06;331.4211;344.8712
0;26.261;0;0;Training_Ring_Only;210.7221;6.129486E-06;639.306;45.6457;-1.603454E-06;337.1305;339.9739
0;26.395;0;0;Training_Ring_Only;213.1279;6.223433E-06;641.6473;45.96591;-1.603454E-06;348.9696;339.647
0;26.529;0;0;Training_Ring_Only;215.5392;6.317088E-06;643.9677;46.2862;-1.603454E-06;6.280933;346.2085
0;26.667;0;0;Training_Ring_Only;218.0296;6.413292E-06;646.3373;46.62093;-1.603454E-06;21.53846;351.1424
0;26.798;0;0;Training_Ring_Only;220.4163;6.504989E-06;648.5821;46.946;-1.603454E-06;30.21362;352.6178
0;26.931;0;0;Training_Ring_Only;222.8639;6.598521E-06;650.8578;47.27101;-1.603454E-06;34.29654;353.2625
0;27.065;0;0;Training_Ring_Only;225.3296;6.692259E-06;653.1247;47.59697;-1.603454E-06;38.06602;354.5303
0;27.200;0;0;Training_Ring_Only;227.8283;6.786757E-06;655.3957;47.92147;-1.603454E-06;42.9968;354.8567
0;27.334;0;0;Training_Ring_Only;230.3039;6.8799E-06;657.6205;48.23874;-1.603454E-06;46.52334;354.8309
0;27.468;0;0;Training_Ring_Only;232.8162;6.973956E-06;659.8529;48.56553;-1.603454E-06;46.76237;354.6355
0;27.602;0;0;Training_Ring_Only;235.3282;7.067527E-06;662.0596;48.89425;-1.603454E-06;47.44786;354.8934
0;27.737;0;0;Training_Ring_Only;237.8773;7.162003E-06;664.273;49.22623;-1.603454E-06;47.86662;355.4824
0;27.870;0;0;Training_Ring_Only;240.4028;7.255136E-06;666.4404;49.55877;-1.603454E-06;46.68478;354.8663
0;28.004;0;0;Training_Ring_Only;242.9555;7.348811E-06;668.6053;49.89;-1.603454E-06;44.66364;353.2481
0;28.138;0;0;Training_Ring_Only;245.5246;7.442622E-06;670.7589;50.22559;-1.603454E-06;49.66674;353.4363
0;28.273;0;0;Training_Ring_Only;248.1221;7.537014E-06;672.9105;50.55783;-1.603454E-06;59.43499;355.2211
0;28.407;0;0;Training_Ring_Only;250.723;7.631071E-06;675.0396;50.88956;-1.603453E-06;62.13016;354.8175
0;28.540;0;0;Training_Ring_Only;253.3047;7.724014E-06;677.1284;51.21142;-1.603453E-06;60.93092;354.426
0;28.676;0;0;Training_Ring_Only;255.958;7.819093E-06;679.2503;51.54397;-1.603453E-06;60.05327;354.2212
0;28.809;0;0;Training_Ring_Only;258.57;7.912263E-06;681.3146;51.86975;-1.603454E-06;58.12573;354.0584
0;28.942;0;0;Training_Ring_Only;261.1874;8.005214E-06;683.3593;52.19159;-1.603454E-06;56.87206;354.0742
0;29.076;0;0;Training_Ring_Only;263.8417;8.099061E-06;685.4087;52.51674;-1.603453E-06;56.08096;354.0545
0;29.210;0;0;Training_Ring_Only;266.5041;8.192787E-06;687.4404;52.83742;-1.603453E-06;53.90514;353.1353
0;29.345;0;0;Training_Ring_Only;269.1974;8.287203E-06;689.4719;53.16607;-1.603453E-06;50.17418;351.9255
0;29.478;0;0;Training_Ring_Only;271.8741;8.380632E-06;691.467;53.48874;-1.603453E-06;47.23361;351.3355
0;29.613;0;0;Training_Ring_Only;274.5791;8.474654E-06;693.4596;53.81603;-1.603453E-06;46.21828;351.0023
0;29.746;0;0;Training_Ring_Only;277.2771;8.56804E-06;695.4232;54.14087;-1.603453E-06;45.32624;350.0523
0;29.881;0;0;Training_Ring_Only;280.0163;8.662462E-06;697.3929;54.47154;-1.603452E-06;44.12768;348.4198
0;30.014;0;0;Training_Ring_Only;282.7265;8.755501E-06;699.3185;54.79613;-1.603453E-06;43.78245;346.0622
0;30.148;0;0;Training_Ring_Only;285.4652;8.849141E-06;701.241;55.12356;-1.603453E-06;44.41008;345.0705
0;30.282;0;0;Training_Ring_Only;288.2087;8.942569E-06;703.1437;55.44818;-1.603453E-06;45.70318;346.5787
0;30.418;0;0;Training_Ring_Only;291.0119;9.037662E-06;705.0641;55.78012;-1.603453E-06;47.23271;348.9912
0;30.550;0;0;Training_Ring_Only;293.753;9.130287E-06;706.9189;56.09961;-1.603453E-06;47.72375;350.3151
0;30.684;0;0;Training_Ring_Only;296.536;9.223974E-06;708.7794;56.42558;-1.603453E-06;48.56964;350.8149
0;30.818;0;0;Training_Ring_Only;299.3239;9.317478E-06;710.6204;56.75374;-1.603453E-06;49.51556;351.5165
0;30.953;0;0;Training_Ring_Only;302.1554;9.412072E-06;712.4669;57.0829;-1.603454E-06;49.26986;351.7192
0;31.086;0;0;Training_Ring_Only;304.9579;9.505362E-06;714.2715;57.41162;-1.603454E-06;48.16188;351.2052
0;31.222;0;0;Training_Ring_Only;307.8161;9.600152E-06;716.0889;57.73996;-1.603454E-06;46.46429;350.8036
0;31.354;0;0;Training_Ring_Only;310.6174;9.692722E-06;717.848;58.05675;-1.603454E-06;44.81548;350.547
0;31.489;0;0;Training_Ring_Only;313.4905;9.787333E-06;719.6298;58.38658;-1.603454E-06;42.92302;350.0255
0;31.623;0;0;Training_Ring_Only;316.35;9.881162E-06;721.3804;58.71636;-1.603454E-06;41.50492;349.7271
0;31.756;0;0;Training_Ring_Only;319.1893;9.974011E-06;723.0966;59.03733;-1.603455E-06;39.69701;350.2823
0;31.890;0;0;Training_Ring_Only;322.0678;1.006782E-05;724.8145;59.36226;-1.603455E-06;36.30353;350.8644
0;32.025;0;0;Training_Ring_Only;324.9761;1.016229E-05;726.5276;59.69019;-1.603455E-06;28.83393;353.2202
0;32.158;0;0;Training_Ring_Only;327.8508;1.025535E-05;728.1993;60.01125;-1.603455E-06;16.77194;357.956
0;32.292;0;0;Training_Ring_Only;330.7584;1.034916E-05;729.8679;60.34026;-1.603455E-06;2.034865;3.476919
0;32.426;0;0;Training_Ring_Only;333.6714;1.044285E-05;731.5177;60.66243;-1.603455E-06;347.7357;10.16921
0;32.561;0;0;Training_Ring_Only;336.623;1.053748E-05;733.1674;60.98505;-1.603455E-06;335.3408;15.13881
0;32.695;0;0;Training_Ring_Only;339.5559;1.063122E-05;734.7852;61.30856;-1.603455E-06;323.6268;17.48677
0;32.829;0;0;Training_Ring_Only;342.4929;1.07248E-05;736.3837;61.63591;-1.603455E-06;314.7046;18.54152
0;32.964;0;0;Training_Ring_Only;345.4605;1.081905E-05;737.9767;61.96676;-1.603455E-06;306.1328;17.88797
0;33.098;0;0;Training_Ring_Only;348.4168;1.091266E-05;739.5417;62.29752;-1.603455E-06;295.9323;16.63901
0;33.231;0;0;Training_Ring_Only;351.3832;1.100631E-05;741.0902;62.62858;-1.603456E-06;286.9173;16.11499
0;33.365;0;0;Training_Ring_Only;354.3621;1.110007E-05;742.6234;62.95855;-1.603455E-06;279.8519;16.85968
0;33.501;0;0;Training_Ring_Only;357.3834;1.119489E-05;744.1563;63.29187;-1.603456E-06;275.2425;13.5726
0;33.636;0;0;Training_Ring_Only;360.3945;1.128911E-05;745.6623;63.62062;-1.603456E-06;275.0646;7.692285
0;33.768;0;0;Training_Ring_Only;363.3622;1.138171E-05;747.1256;63.93856;-1.603456E-06;272.7934;3.368029
0;33.902;0;0;Training_Ring_Only;366.3645;1.147513E-05;748.5852;64.26566;-1.603456E-06;265.0833;0.08049893
0;34.035;0;0;Training_Ring_Only;369.3788;1.156867E-05;750.0294;64.58809;-1.603456E-06;264.7695;358.5328
0;34.170;0;0;Training_Ring_Only;372.419;1.166276E-05;751.465;64.91185;-1.603456E-06;277.762;357.8213
0;34.303;0;0;Training_Ring_Only;375.4441;1.175613E-05;752.8724;65.24184;-1.603457E-06;302.9625;356.8134
0;34.437;0;0;Training_Ring_Only;378.4958;1.185008E-05;754.2711;65.56701;-1.603457E-06;334.9185;355.0618
0;34.571;0;0;Training_Ring_Only;381.5471;1.194377E-05;755.6485;65.89911;-1.603457E-06;6.927759;354.9978
0;34.706;0;0;Training_Ring_Only;384.6226;1.203796E-05;757.0154;66.23313;-1.603457E-06;33.90184;355.3441
0;34.840;0;0;Training_Ring_Only;387.6864;1.213155E-05;758.3557;66.56409;-1.603457E-06;49.64542;355.0272
0;34.974;0;0;Training_Ring_Only;390.7591;1.222516E-05;759.6791;66.89037;-1.603457E-06;51.00134;355.4916
0;35.108;0;0;Training_Ring_Only;393.8474;1.231904E-05;760.9882;67.22024;-1.603457E-06;46.82841;353.9847
0;35.242;0;0;Training_Ring_Only;396.9374;1.241274E-05;762.2772;67.54784;-1.603457E-06;45.56278;354.3299
0;35.376;0;0;Training_Ring_Only;400.0425;1.250667E-05;763.5515;67.88232;-1.603457E-06;46.73729;355.1412
0;35.510;0;0;Training_Ring_Only;403.1599;1.260075E-05;764.8093;68.228;-1.603457E-06;47.46867;355.6573
0;35.644;0;0;Training_Ring_Only;406.2618;1.269414E-05;766.0396;68.55666;-1.603456E-06;47.95375;355.7587
0;35.779;0;0;Training_Ring_Only;409.4194;1.278899E-05;767.2711;68.88309;-1.603456E-06;47.43976;354.5338
0;35.912;0;0;Training_Ring_Only;412.5092;1.288159E-05;768.4561;69.20175;-1.603456E-06;46.62083;352.1013
0;36.046;0;0;Training_Ring_Only;415.653;1.297562E-05;769.6417;69.52633;-1.603456E-06;46.35663;350.5064
0;36.180;0;0;Training_Ring_Only;418.7924;1.306932E-05;770.8052;69.85495;-1.603456E-06;46.93744;348.7068
0;36.314;0;0;Training_Ring_Only;421.9375;1.316297E-05;771.9503;70.18734;-1.603456E-06;46.97854;345.9918
0;36.448;0;0;Training_Ring_Only;425.099;1.325693E-05;773.0806;70.52302;-1.603456E-06;47.09521;344.8132
0;36.583;0;0;Training_Ring_Only;428.2882;1.335153E-05;774.1998;70.85688;-1.603456E-06;47.87029;344.355
0;36.716;0;0;Training_Ring_Only;431.4221;1.34443E-05;775.2792;71.18494;-1.603456E-06;49.33024;343.4599
0;36.850;0;0;Training_Ring_Only;434.5919;1.353793E-05;776.3508;71.51154;-1.603456E-06;51.14753;342.6921
0;36.984;0;0;Training_Ring_Only;437.7801;1.363193E-05;777.4084;71.83884;-1.603455E-06;53.165;342.1333
0;37.118;0;0;Training_Ring_Only;440.9576;1.372543E-05;778.4422;72.17287;-1.603455E-06;54.68767;342.3524
0;37.252;0;0;Training_Ring_Only;444.1568;1.381941E-05;779.4624;72.51064;-1.603455E-06;55.95686;343.864
0;37.386;0;0;Training_Ring_Only;447.3596;1.391332E-05;780.4629;72.84795;-1.603455E-06;59.15727;350.5713
0;37.520;0;0;Training_Ring_Only;450.5586;1.400695E-05;781.4418;73.1754;-1.603455E-06;63.41704;356.4463
0;37.654;0;0;Training_Ring_Only;453.7688;1.410074E-05;782.4045;73.49264;-1.603456E-06;66.10885;359.7713
0;37.788;0;0;Training_Ring_Only;456.9834;1.419451E-05;783.3491;73.81345;-1.603455E-06;66.21252;3.486769
0;37.922;0;0;Training_Ring_Only;460.2045;1.428831E-05;784.2758;74.14014;-1.603456E-06;67.1932;7.048818
0;38.056;0;0;Training_Ring_Only;463.4293;1.438207E-05;785.1835;74.4726;-1.603456E-06;67.83001;6.810445
0;38.192;0;0;Training_Ring_Only;466.6923;1.447678E-05;786.0815;74.80948;-1.603456E-06;67.79939;5.606082
0;38.325;0;0;Training_Ring_Only;469.9063;1.456991E-05;786.946;75.1358;-1.603456E-06;67.54539;5.075202
0;38.459;0;0;Training_Ring_Only;473.1441;1.466359E-05;787.7971;75.4634;-1.603456E-06;67.698;4.334573
0;38.593;0;0;Training_Ring_Only;476.3911;1.475742E-05;788.6306;75.79461;-1.603456E-06;67.93707;3.601861
0;38.727;0;0;Training_Ring_Only;479.6417;1.48512E-05;789.4453;76.11993;-1.603457E-06;68.17192;3.304708
0;38.861;0;0;Training_Ring_Only;482.9012;1.494511E-05;790.2426;76.44553;-1.603457E-06;68.24762;3.097645
0;38.995;0;0;Training_Ring_Only;486.1595;1.503885E-05;791.0198;76.77341;-1.603457E-06;68.33028;2.725994
0;39.129;0;0;Training_Ring_Only;489.4192;1.513251E-05;791.7778;77.10236;-1.603457E-06;68.53889;2.523154
0;39.263;0;0;Training_Ring_Only;492.6916;1.522641E-05;792.5189;77.43112;-1.603458E-06;68.53527;2.311002
0;39.397;0;0;Training_Ring_Only;495.9546;1.531992E-05;793.2385;77.75504;-1.603458E-06;68.39273;2.251465
0;39.531;0;0;Training_Ring_Only;499.2406;1.541397E-05;793.9434;78.08302;-1.603458E-06;68.34576;2.083187
0;39.665;0;0;Training_Ring_Only;502.5161;1.550763E-05;794.6265;78.41158;-1.603459E-06;68.49206;1.965846
0;39.799;0;0;Training_Ring_Only;505.8071;1.560159E-05;795.2931;78.73586;-1.603459E-06;68.76099;2.059229
0;39.933;0;0;Training_Ring_Only;509.0909;1.569525E-05;795.939;79.05742;-1.603459E-06;69.04214;2.065631
0;40.067;0;0;Training_Ring_Only;512.379;1.578893E-05;796.5668;79.37659;-1.603459E-06;69.79777;2.167084
0;40.202;0;0;Training_Ring_Only;515.686;1.588304E-05;797.1791;79.70043;-1.603459E-06;70.69209;2.357892
0;40.335;0;0;Training_Ring_Only;518.974;1.597653E-05;797.7686;80.02644;-1.603459E-06;70.91098;2.583001
0;40.472;0;0;Training_Ring_Only;522.3304;1.607186E-05;798.3505;80.35777;-1.603459E-06;70.56032;2.914434
0;40.603;0;0;Training_Ring_Only;525.5792;1.616406E-05;798.8948;80.67345;-1.60346E-06;69.9774;2.700373
0;40.738;0;0;Training_Ring_Only;528.8895;1.625789E-05;799.4306;80.99818;-1.60346E-06;69.5125;2.456601
0;40.872;0;0;Training_Ring_Only;532.1991;1.635164E-05;799.9468;81.32571;-1.60346E-06;69.18846;2.429565
0;41.006;0;0;Training_Ring_Only;535.5132;1.644542E-05;800.4443;81.6555;-1.60346E-06;69.10268;2.353463
0;41.140;0;0;Training_Ring_Only;538.8297;1.65392E-05;800.9224;81.99424;-1.60346E-06;69.20838;2.313957
0;41.292;0;0;Training_Ring_Only;542.212;1.663476E-05;801.3896;82.33436;-1.603461E-06;69.4399;2.193944
0;41.430;0;0;Training_Ring_Only;546.0296;1.674253E-05;801.8925;82.71048;-1.603461E-06;69.77052;1.949015
0;41.564;0;0;Training_Ring_Only;549.3455;1.683605E-05;802.3087;83.03683;-1.603461E-06;69.67198;1.712209
0;41.698;0;0;Training_Ring_Only;552.6832;1.693013E-05;802.7082;83.36376;-1.603461E-06;69.55031;1.61606
0;41.832;0;0;Training_Ring_Only;556.0051;1.70237E-05;803.0868;83.68396;-1.603461E-06;69.32076;1.556
0;41.966;0;0;Training_Ring_Only;559.3211;1.711704E-05;803.4459;84.00687;-1.603461E-06;68.99559;1.464216
0;42.099;0;0;Training_Ring_Only;562.653;1.721077E-05;803.7878;84.33414;-1.603461E-06;68.88596;1.409963
0;42.233;0;0;Training_Ring_Only;565.9852;1.730446E-05;804.1102;84.6663;-1.603461E-06;68.83506;1.589138
0;42.368;0;0;Training_Ring_Only;569.3264;1.739836E-05;804.4139;85.00223;-1.60346E-06;68.95281;1.659868
0;42.503;0;0;Training_Ring_Only;572.7092;1.749336E-05;804.7014;85.33945;-1.60346E-06;69.12035;1.600533
0;42.636;0;0;Training_Ring_Only;576.0132;1.758612E-05;804.9626;85.67223;-1.60346E-06;69.24461;1.596088
0;42.770;0;0;Training_Ring_Only;579.3505;1.767977E-05;805.2071;86.00696;-1.60346E-06;69.45029;1.527838
0;42.904;0;0;Training_Ring_Only;582.6886;1.77734E-05;805.432;86.33804;-1.60346E-06;69.56001;1.383567
0;43.038;0;0;Training_Ring_Only;586.0334;1.786719E-05;805.6379;86.66822;-1.60346E-06;69.61554;1.39152
0;43.173;0;0;Training_Ring_Only;589.404;1.796166E-05;805.826;86.99592;-1.60346E-06;69.74259;1.257347
0;43.306;0;0;Training_Ring_Only;592.7421;1.80552E-05;805.9932;87.32155;-1.60346E-06;69.55566;1.204406
0;43.440;0;0;Training_Ring_Only;596.0797;1.81487E-05;806.1417;87.63734;-1.60346E-06;69.51667;1.120871
0;43.574;0;0;Training_Ring_Only;599.4232;1.824233E-05;806.2718;87.95498;-1.60346E-06;69.55981;1.087466
0;43.709;0;0;Training_Ring_Only;602.7817;1.833638E-05;806.3839;88.27676;-1.60346E-06;69.77466;1.085894
0;43.842;0;0;Training_Ring_Only;606.122;1.842991E-05;806.4767;88.59866;-1.60346E-06;70.16895;1.078006
0;43.977;0;0;Training_Ring_Only;609.4915;1.852423E-05;806.551;88.92721;-1.60346E-06;70.66957;1.004719
0;44.111;0;0;Training_Ring_Only;612.8451;1.861809E-05;806.606;89.25253;-1.60346E-06;71.01304;0.9807378
0;44.245;0;0;Training_Ring_Only;616.2043;1.871211E-05;806.6418;89.58115;-1.603459E-06;71.39909;1.023333
0;44.379;0;0;Training_Ring_Only;619.548;1.880568E-05;806.6583;89.91106;-1.603459E-06;71.37314;0.9638699
0;44.513;0;0;Training_Ring_Only;622.8944;1.889933E-05;806.6555;90.23948;-1.60346E-06;71.3092;0.9390364
0;44.647;0;0;Training_Ring_Only;626.2512;1.899328E-05;806.6333;90.5741;-1.60346E-06;71.48143;0.8438831
0;44.781;0;0;Training_Ring_Only;629.598;1.908696E-05;806.5916;90.90823;-1.60346E-06;71.82714;0.8310004
0;44.915;0;0;Training_Ring_Only;632.9534;1.918089E-05;806.5304;91.24139;-1.60346E-06;72.21387;0.9643754
0;45.049;0;0;Training_Ring_Only;636.3011;1.92746E-05;806.4496;91.57659;-1.603459E-06;72.59646;1.019387
0;45.183;0;0;Training_Ring_Only;639.6489;1.936834E-05;806.3495;91.90608;-1.603459E-06;72.92856;1.037913
0;45.318;0;0;Training_Ring_Only;643.0127;1.946254E-05;806.2296;92.23502;-1.603459E-06;73.50992;0.9087015
0;45.451;0;0;Training_Ring_Only;646.3413;1.955578E-05;806.0919;92.55502;-1.603459E-06;73.98608;0.8713021
0;45.585;0;0;Training_Ring_Only;649.6911;1.964963E-05;805.9344;92.88498;-1.603459E-06;74.33939;0.7622216
0;45.720;0;0;Training_Ring_Only;653.0448;1.974362E-05;805.7572;93.21559;-1.603459E-06;74.47596;0.7496148
0;45.853;0;0;Training_Ring_Only;656.3831;1.983721E-05;805.5618;93.5359;-1.603459E-06;74.51631;0.7824705
0;45.988;0;0;Training_Ring_Only;659.7371;1.993127E-05;805.3469;93.84978;-1.603459E-06;74.44048;0.8242517
0;46.121;0;0;Training_Ring_Only;663.0695;2.002476E-05;805.1149;94.16361;-1.603459E-06;74.2701;0.6287975
0;46.255;0;0;Training_Ring_Only;666.4088;2.011847E-05;804.8641;94.48108;-1.603459E-06;74.14447;0.3692375
0;46.390;0;0;Training_Ring_Only;669.7506;2.02123E-05;804.5944;94.80016;-1.603459E-06;73.51134;0.07237484
0;46.524;0;0;Training_Ring_Only;673.0901;2.030611E-05;804.3062;95.12105;-1.603459E-06;72.44399;359.7624
0;46.658;0;0;Training_Ring_Only;676.4327;2.040006E-05;803.9987;95.44875;-1.603458E-06;71.24273;359.6348
0;46.792;0;0;Training_Ring_Only;679.7637;2.049372E-05;803.6732;95.76711;-1.603458E-06;69.83763;0.4735157
0;46.925;0;0;Training_Ring_Only;683.0914;2.058734E-05;803.3293;96.08631;-1.603458E-06;69.30173;359.7387
0;47.060;0;0;Training_Ring_Only;686.4244;2.068117E-05;802.966;96.4088;-1.603458E-06;68.47403;359.1124
0;47.194;0;0;Training_Ring_Only;689.7507;2.077487E-05;802.5844;96.73524;-1.603458E-06;68.7149;359.0317
0;47.328;0;0;Training_Ring_Only;693.0846;2.086884E-05;802.1828;97.05991;-1.603458E-06;68.90082;358.6367
0;47.462;0;0;Training_Ring_Only;696.4148;2.096277E-05;801.7624;97.38288;-1.603458E-06;69.34918;358.5073
0;47.596;0;0;Training_Ring_Only;699.7328;2.105643E-05;801.3246;97.70153;-1.603459E-06;69.70187;358.7179
0;47.730;0;0;Training_Ring_Only;703.0502;2.115015E-05;800.8681;98.02517;-1.603459E-06;69.97313;358.8499
0;47.864;0;0;Training_Ring_Only;706.3621;2.12438E-05;800.3933;98.34604;-1.603459E-06;70.14143;358.9978
0;47.998;0;0;Training_Ring_Only;709.6777;2.133761E-05;799.8989;98.67416;-1.603459E-06;70.65781;359.7152
0;48.133;0;0;Training_Ring_Only;713.0236;2.143237E-05;799.3801;99.01015;-1.60346E-06;72.04745;0.5268735
0;48.266;0;0;Training_Ring_Only;716.2972;2.152518E-05;798.853;99.33804;-1.60346E-06;75.46137;2.104482
0;48.400;0;0;Training_Ring_Only;719.6052;2.161904E-05;798.301;99.66559;-1.60346E-06;82.75451;4.011899
0;48.534;0;0;Training_Ring_Only;722.9077;2.171283E-05;797.7305;99.98594;-1.60346E-06;87.44489;4.437153
0;48.668;0;0;Training_Ring_Only;726.204;2.180654E-05;797.1422;100.3101;-1.60346E-06;90.4958;4.645009
0;48.802;0;0;Training_Ring_Only;729.4998;2.190033E-05;796.5345;100.6358;-1.60346E-06;92.04015;4.631818
0;48.936;0;0;Training_Ring_Only;732.7927;2.199414E-05;795.908;100.9683;-1.60346E-06;93.3542;4.643824
0;49.070;0;0;Training_Ring_Only;736.0793;2.208787E-05;795.2626;101.3011;-1.60346E-06;93.53971;5.117773
0;49.205;0;0;Training_Ring_Only;739.3698;2.218183E-05;794.5966;101.6391;-1.603461E-06;94.09259;7.41831
0;49.339;0;0;Training_Ring_Only;742.6673;2.22761E-05;793.9091;101.9725;-1.603461E-06;98.30801;12.96269
0;49.473;0;0;Training_Ring_Only;745.9266;2.23694E-05;793.2098;102.3036;-1.603461E-06;104.1899;17.47222
0;49.606;0;0;Training_Ring_Only;749.1957;2.246309E-05;792.4885;102.6362;-1.603461E-06;108.0157;19.13205
0;49.741;0;0;Training_Ring_Only;752.4655;2.255693E-05;791.7473;102.9603;-1.603461E-06;114.5699;21.588
0;49.875;0;0;Training_Ring_Only;755.7333;2.265082E-05;790.987;103.2836;-1.603461E-06;114.3136;19.01397
0;50.009;0;0;Training_Ring_Only;758.9929;2.274461E-05;790.2094;103.6072;-1.603461E-06;108.9737;14.45939
0;50.143;0;0;Training_Ring_Only;762.2468;2.283836E-05;789.4136;103.9344;-1.603462E-06;103.6257;10.72237
0;50.277;0;0;Training_Ring_Only;765.5043;2.293236E-05;788.5981;104.1945;-1.603462E-06;100.4595;8.507796
0;50.411;0;0;Training_Ring_Only;768.7482;2.302597E-05;787.7833;103.9122;-1.603462E-06;103.0444;2.674438
0;50.545;0;0;Training_Ring_Only;771.996;2.311982E-05;786.9485;105.0666;-1.603462E-06;106.0072;-0.005688054
0;50.679;0;0;Training_Ring_Only;775.2287;2.321366E-05;786.0594;106.1111;-1.603463E-06;102.9621;4.692085
0;50.813;0;0;Training_Ring_Only;778.4334;2.330723E-05;785.1063;107.1215;-1.603462E-06;98.76628;6.632868
0;50.947;0;0;Training_Ring_Only;781.6326;2.325484E-05;784.1159;106.7816;2.748113E-06;94.34608;7.925217
0;51.081;0;0;Training_Ring_Only;784.8564;2.309407E-05;783.1977;104.3103;2.748113E-06;90.93983;7.728494
0;51.216;0;0;Training_Ring_Only;788.1439;2.293268E-05;782.4837;98.95666;2.748112E-06;87.11196;8.432089
0;51.349;0;0;Training_Ring_Only;791.4556;2.277275E-05;782.1077;92.86988;2.748112E-06;83.52723;9.277755
0;51.483;0;0;Training_Ring_Only;794.8124;2.261165E-05;782.1;86.45654;2.748112E-06;81.96947;10.12919
0;51.617;0;0;Training_Ring_Only;798.1436;2.245103E-05;782.431;82.13184;2.748113E-06;82.55904;10.75947
0;51.751;0;0;Training_Ring_Only;801.4638;2.229016E-05;782.9072;82.16851;2.748113E-06;88.86223;11.19442
0;51.885;0;0;Training_Ring_Only;804.7886;2.212966E-05;783.2831;85.97453;2.748113E-06;95.65173;11.56183
0;52.019;0;0;Training_Ring_Only;808.1386;2.196884E-05;783.3777;91.9611;2.748114E-06;99.4286;11.0757
0;52.154;0;0;Training_Ring_Only;811.4977;2.180713E-05;783.1076;98.10538;2.748114E-06;100.289;11.31292
0;52.288;0;0;Training_Ring_Only;814.7769;2.164724E-05;782.5142;103.0366;2.748113E-06;98.10978;11.53438
0;52.422;0;0;Training_Ring_Only;818.0366;2.148576E-05;781.6734;106.1288;2.748114E-06;94.44558;11.43068
0;52.556;0;0;Training_Ring_Only;821.2313;2.132559E-05;780.7007;107.6276;2.748114E-06;91.80708;11.33397
0;52.690;0;0;Training_Ring_Only;824.4199;2.11652E-05;779.6938;107.1235;2.748113E-06;89.50675;11.58917
0;52.823;0;0;Training_Ring_Only;827.6287;2.100472E-05;778.7469;105.1793;2.748113E-06;87.92333;11.28177
0;52.958;0;0;Training_Ring_Only;830.8826;2.084385E-05;777.9349;102.2771;2.748114E-06;87.84822;10.93864
0;53.092;0;0;Training_Ring_Only;834.1815;2.068268E-05;777.2974;99.07845;2.748113E-06;88.14108;10.23213
0;53.227;0;0;Training_Ring_Only;837.5129;2.052137E-05;776.8369;96.32837;2.748113E-06;89.87042;10.38118
0;53.360;0;0;Training_Ring_Only;840.8348;2.036129E-05;776.5176;94.53655;2.748114E-06;92.67606;9.928407
0;53.494;0;0;Training_Ring_Only;844.1694;2.020092E-05;776.2735;93.94811;2.748114E-06;93.89979;9.7641
0;53.629;0;0;Training_Ring_Only;847.5458;2.003856E-05;776.0293;94.64864;2.748113E-06;95.58529;9.591444
0;53.762;0;0;Training_Ring_Only;850.8496;1.987941E-05;775.7198;96.51936;2.748113E-06;97.57558;9.478184
0;53.896;0;0;Training_Ring_Only;854.1671;1.971889E-05;775.2805;99.07512;2.748114E-06;99.14311;9.303623
0;54.030;0;0;Training_Ring_Only;857.4689;1.955793E-05;774.6812;102.0149;2.748114E-06;99.98688;9.085746
0;54.164;0;0;Training_Ring_Only;860.7327;1.93971E-05;773.9137;104.889;2.748114E-06;100.4835;8.669016
0;54.298;0;0;Training_Ring_Only;863.9502;1.92366E-05;772.9949;107.293;2.748114E-06;100.2057;8.451638
0;54.432;0;0;Training_Ring_Only;867.1348;1.907592E-05;771.9552;109.0248;2.748114E-06;99.90785;8.354951
0;54.568;0;0;Training_Ring_Only;870.3358;1.891308E-05;770.8237;109.9405;2.748114E-06;99.50062;8.184955
0;54.702;0;0;Training_Ring_Only;873.4883;1.875212E-05;769.6736;110.0495;2.748114E-06;98.67885;8.105848
0;54.834;0;0;Training_Ring_Only;876.595;1.859365E-05;768.5493;109.5885;2.748114E-06;97.32831;7.950531
0;54.968;0;0;Training_Ring_Only;879.7584;1.84329E-05;767.4424;108.8345;2.748113E-06;95.83441;7.51009
0;55.103;0;0;Training_Ring_Only;882.9485;1.827153E-05;766.374;108.1195;2.748113E-06;94.22192;7.248198
0;55.236;0;0;Training_Ring_Only;886.1263;1.811133E-05;765.3453;107.7611;2.748113E-06;92.59904;7.327328
0;55.371;0;0;Training_Ring_Only;889.316;1.795066E-05;764.3224;107.911;2.748113E-06;91.27879;7.869391
0;55.505;0;0;Training_Ring_Only;892.5031;1.778978E-05;763.277;108.6141;2.748113E-06;90.79887;7.870073
0;55.639;0;0;Training_Ring_Only;895.6829;1.762838E-05;762.1779;109.7833;2.748113E-06;90.39858;7.203127
0;55.772;0;0;Training_Ring_Only;898.805;1.746865E-05;761.0189;111.2189;2.748113E-06;89.86471;6.442349
0;55.907;0;0;Training_Ring_Only;901.9176;1.730781E-05;759.7712;112.7447;2.748114E-06;88.70039;5.706118
0;56.041;0;0;Training_Ring_Only;905.0071;1.714641E-05;758.4377;114.1415;2.748114E-06;86.79655;5.02023
0;56.174;0;0;Training_Ring_Only;908.0321;1.698682E-05;757.0513;115.2314;2.748114E-06;84.86028;5.613516
0;56.308;0;0;Training_Ring_Only;911.0568;1.682599E-05;755.6043;115.968;2.748114E-06;83.46093;5.644148
0;56.442;0;0;Training_Ring_Only;914.0624;1.666535E-05;754.1276;116.385;2.748114E-06;83.19796;5.656925
0;56.576;0;0;Training_Ring_Only;917.0619;1.650463E-05;752.6334;116.5824;2.748114E-06;83.2758;5.797621
0;56.711;0;0;Training_Ring_Only;920.0638;1.634356E-05;751.1281;116.6982;2.748114E-06;81.93376;4.320427
0;56.844;0;0;Training_Ring_Only;923.0466;1.618333E-05;749.6235;116.8975;2.748114E-06;82.65557;3.03844
0;56.978;0;0;Training_Ring_Only;926.0285;1.602277E-05;748.1016;117.2839;2.748114E-06;86.31726;1.838406
0;57.113;0;0;Training_Ring_Only;929.0046;1.586179E-05;746.5502;117.9227;2.748115E-06;91.7739;0.4974649
0;57.226;0;0;Training_Ring_Only;931.5046;1.572575E-05;745.2101;118.6228;2.748115E-06;100.3362;0.7348112
0;57.360;0;0;Training_Ring_Only;934.433;1.556514E-05;743.5865;119.5555;2.748116E-06;113.5151;0.3827125
0;57.493;0;0;Training_Ring_Only;937.305;1.540615E-05;741.9316;120.4999;2.748116E-06;121.037;0.2442583
0;57.627;0;0;Training_Ring_Only;940.1862;1.524515E-05;740.2096;121.3466;2.748115E-06;122.1616;0.9046237
0;57.761;0;0;Training_Ring_Only;943.0363;1.508457E-05;738.4531;122.035;2.748116E-06;120.4591;1.0338
0;57.894;0;0;Training_Ring_Only;945.8604;1.492437E-05;736.6699;122.5751;2.748116E-06;118.4185;1.081723
0;58.028;0;0;Training_Ring_Only;948.6794;1.476356E-05;734.8555;123.0256;2.748116E-06;118.6306;1.548078
0;58.163;0;0;Training_Ring_Only;951.4865;1.460264E-05;733.0182;123.471;2.748117E-06;119.862;1.926824
0;58.297;0;0;Training_Ring_Only;954.2823;1.444147E-05;731.1549;123.9941;2.748116E-06;120.5093;1.118202
0;58.431;0;0;Training_Ring_Only;957.0435;1.428126E-05;729.2753;124.6213;2.748116E-06;120.5648;0.08577163
0;58.565;0;0;Training_Ring_Only;959.791;1.412054E-05;727.3575;125.3434;2.748117E-06;120.1755;356.4177
0;58.699;0;0;Training_Ring_Only;962.5139;1.395979E-05;725.4034;126.1177;2.748118E-06;118.2539;350.5029
0;58.833;0;0;Training_Ring_Only;965.2133;1.379886E-05;723.4105;126.8771;2.748118E-06;117.1012;346.2575
0;58.967;0;0;Training_Ring_Only;967.8812;1.363828E-05;721.3878;127.5597;2.748118E-06;117.1651;345.5454
0;59.101;0;0;Training_Ring_Only;970.5318;1.347735E-05;719.3305;128.1615;2.748117E-06;116.9587;342.3033
0;59.235;0;0;Training_Ring_Only;973.1613;1.331643E-05;717.247;128.7067;2.748118E-06;116.713;341.2755
0;59.369;0;0;Training_Ring_Only;975.7713;1.315551E-05;715.1387;129.2477;2.748118E-06;118.2992;342.779
0;59.503;0;0;Training_Ring_Only;978.356;1.299486E-05;713.009;129.8323;2.748118E-06;119.729;347.3051
0;59.637;0;0;Training_Ring_Only;980.9164;1.283434E-05;710.8537;130.4638;2.748118E-06;121.7214;354.7092
0;59.771;0;0;Training_Ring_Only;983.4559;1.267356E-05;708.6658;131.1482;2.748118E-06;122.467;0.6653548
0;59.905;0;0;Training_Ring_Only;985.9654;1.251301E-05;706.4507;131.8361;2.748117E-06;123.9616;4.154708
0;60.040;0;0;Training_Ring_Only;988.463;1.235153E-05;704.1925;132.5023;2.748117E-06;124.431;6.721176
0;60.173;0;0;Training_Ring_Only;990.9132;1.219146E-05;701.9265;133.1237;2.748117E-06;124.3488;7.462644
0;60.308;0;0;Training_Ring_Only;993.3514;1.203058E-05;699.6232;133.7152;2.748117E-06;124.0587;7.52911
0;60.442;0;0;Training_Ring_Only;995.7805;1.186872E-05;697.2806;134.3044;2.748118E-06;123.1406;6.855509
0;60.576;0;0;Training_Ring_Only;998.1509;1.170918E-05;694.9471;134.8966;2.748118E-06;122.1293;6.508562
0;60.710;0;0;Training_Ring_Only;1000.513;1.154852E-05;692.5721;135.5305;2.748118E-06;121.993;6.829336
0;60.844;0;0;Training_Ring_Only;1002.852;1.138761E-05;690.1671;136.1811;2.748119E-06;125.0564;6.917424
0;60.978;0;0;Training_Ring_Only;1005.158;1.122704E-05;687.7407;136.831;2.74812E-06;128.733;7.214909
0;61.112;0;0;Training_Ring_Only;1007.44;1.106628E-05;685.2857;137.4577;2.74812E-06;130.4138;7.821632
0;61.246;0;0;Training_Ring_Only;1009.702;1.090503E-05;682.7987;138.069;2.748119E-06;131.886;8.144829
0;61.380;0;0;Training_Ring_Only;1011.927;1.074454E-05;680.2998;138.6638;2.74812E-06;133.153;8.664319
0;61.515;0;0;Training_Ring_Only;1014.149;1.05824E-05;677.7517;139.2712;2.74812E-06;134.0381;8.969478
0;61.648;0;0;Training_Ring_Only;1016.3;1.042342E-05;675.2303;139.8863;2.748121E-06;134.9509;9.437844
0;61.782;0;0;Training_Ring_Only;1018.446;1.026277E-05;672.659;140.5208;2.748122E-06;136.1832;10.3743
0;61.916;0;0;Training_Ring_Only;1020.566;1.010192E-05;670.0607;141.164;2.748122E-06;137.1525;11.30241
0;62.050;0;0;Training_Ring_Only;1022.655;9.941236E-06;667.4413;141.8038;2.748122E-06;137.5473;12.81543
0;62.184;0;0;Training_Ring_Only;1024.715;9.780522E-06;664.7985;142.4296;2.748123E-06;138.3407;14.77444
0;62.318;0;0;Training_Ring_Only;1026.752;9.619358E-06;662.1262;143.0455;2.748123E-06;139.1159;16.11591
0;62.452;0;0;Training_Ring_Only;1028.751;9.458877E-06;659.4435;143.6534;2.748124E-06;138.8468;16.80866
