SubjectId;Timestamp;Round;RepeatCount;RoundType;PlayerXPos;PlayerYPos;PlayerZPos;MainCamXPos;MainCamYPos;MainCamZPos;PlayerXRot;PlayerYRot;PlayerZRot;MainCamXRot;MainCamYRot;MainCamZRot
18;0.020;0;0;Training_Ring_Only;43.93391;2.993132;97.24749;43.99904;3.576458;97.3919;-0.001423398;42.21436;0.0006324297;351.8338;35.61669;359.2386
18;0.156;0;0;Training_Ring_Only;46.23568;2.993217;99.77385;46.30237;3.576257;99.91727;-0.001434781;42.49304;0.0006215629;352.0581;36.98856;359.3622
18;0.288;0;0;Training_Ring_Only;48.45644;2.9933;102.1893;48.52478;3.575877;102.3317;-0.001436875;42.74753;0.0006107008;352.1737;37.66677;359.2355
18;0.422;0;0;Training_Ring_Only;50.73814;2.993384;104.6461;50.80713;3.576025;104.7878;-0.00143114;43.0864;0.0006056141;352.1109;37.80733;359.3389
18;0.556;0;0;Training_Ring_Only;53.0358;2.993468;107.0881;53.106;3.57594;107.2294;-0.001441413;43.51438;0.0005968691;352.2004;38.27281;359.2181
18;0.690;0;0;Training_Ring_Only;55.35053;2.993552;109.5078;55.42152;3.575448;109.6502;-0.001434628;44.04139;0.0005755322;352.671;38.53762;359.3048
18;0.824;0;0;Training_Ring_Only;57.69102;2.993636;111.9072;57.76004;3.576396;112.0544;-0.001441256;44.6596;0.0005624036;352.8566;38.25262;359.4833
18;0.958;0;0;Training_Ring_Only;60.06182;2.993721;114.279;60.127;3.574667;114.4336;-0.001451584;45.50647;0.0005300467;353.7939;38.4626;359.916
18;1.092;0;0;Training_Ring_Only;62.4733;2.993806;116.6072;62.53223;3.573976;116.7707;-0.001458921;46.73734;0.0005132866;353.9472;38.50801;0.7226433
18;1.226;0;0;Training_Ring_Only;64.9208;2.993891;118.8853;64.9715;3.572392;119.0593;-0.001458232;47.18727;0.0005114749;355.1229;36.5019;1.411907
18;1.360;0;0;Training_Ring_Only;67.36624;2.993977;121.1976;67.40285;3.572892;121.3801;-0.001439213;45.23886;0.0005453929;355.3427;31.70184;1.598702
18;1.494;0;0;Training_Ring_Only;69.65898;2.994059;123.6255;69.67056;3.573144;123.815;-0.001375884;40.1846;0.0006703016;355.4091;24.67789;1.753846
18;1.629;0;0;Training_Ring_Only;71.7057;2.994138;126.2936;71.68739;3.571849;126.4884;-0.001291175;33.72573;0.0008247673;356.2355;18.2009;2.405687
18;1.762;0;0;Training_Ring_Only;73.43844;2.994211;129.1428;73.40018;3.571964;129.3384;-0.001214937;28.30089;0.00093288;356.4117;14.50604;3.074481
18;1.896;0;0;Training_Ring_Only;74.95173;2.99428;132.1285;74.91761;3.572549;132.3224;-0.001165737;25.41587;0.001003235;356.2198;18.38279;2.500319
18;2.030;0;0;Training_Ring_Only;76.37174;2.994348;135.1631;76.35516;3.570302;135.3541;-0.001162147;25.14086;0.001006139;357.0162;26.21469;1.810501
18;2.170;0;0;Training_Ring_Only;77.91257;2.99442;138.2907;77.92228;3.570421;138.474;-0.00122675;28.5628;0.0009549151;357.179;35.12948;0.9154993
18;2.298;0;0;Training_Ring_Only;79.57623;2.994491;141.0453;79.61435;3.570193;141.2198;-0.001331669;35.342;0.0008284537;357.1133;43.71104;0.8961338
18;2.432;0;0;Training_Ring_Only;81.68495;2.994571;143.6389;81.75107;3.571549;143.8015;-0.001435768;44.73994;0.000588217;356.886;51.56169;0.8233581
18;2.566;0;0;Training_Ring_Only;84.21334;2.994657;145.8326;84.30431;3.57164;145.9855;-0.001514066;55.09347;0.0003266771;356.6365;57.6473;1.020943
18;2.700;0;0;Training_Ring_Only;87.08424;2.994747;147.5466;87.1968;3.572467;147.6976;-0.001558151;64.4944;8.054305E-05;356.7036;61.06941;2.016283
18;2.834;0;0;Training_Ring_Only;90.18802;2.994838;148.8268;90.31679;3.571445;148.9827;-0.00155504;71.22948;-0.000118044;356.9589;60.11064;2.179701
18;2.969;0;0;Training_Ring_Only;93.39971;2.994929;149.8398;93.52788;3.569185;150.0066;-0.001534783;73.02063;-0.0001777913;358.5175;53.43536;2.406252
18;3.102;0;0;Training_Ring_Only;96.54081;2.995018;150.8941;96.64573;3.570816;151.0777;-0.001536497;68.11488;-4.125383E-05;358.53;43.35775;2.875255
18;3.236;0;0;Training_Ring_Only;99.57806;2.995108;152.3214;99.65903;3.571215;152.5091;-0.001516073;60.20471;0.0001635189;357.868;38.38791;2.26332
18;3.370;0;0;Training_Ring_Only;102.392;2.995196;154.1204;102.4659;3.571032;154.3007;-0.001492005;54.30473;0.0003056534;357.8571;42.78968;1.895254
18;3.504;0;0;Training_Ring_Only;105.0866;2.995282;156.1143;105.1727;3.57233;156.2796;-0.00147966;53.35185;0.000331978;357.2808;53.16965;0.4469126
18;3.638;0;0;Training_Ring_Only;107.822;2.995369;158.0508;107.9292;3.572501;158.1967;-0.001503226;57.60811;0.0002247432;357.6006;64.50848;0.4625248
18;3.772;0;0;Training_Ring_Only;110.7373;2.995457;159.6825;110.8688;3.574418;159.8034;-0.001524471;65.76022;1.881835E-05;356.4614;75.43663;0.1617204
18;3.906;0;0;Training_Ring_Only;113.8873;2.995546;160.8287;114.0433;3.574468;160.9268;-0.001488463;76.10241;-0.0002497971;356.2171;85.21888;0.01547357
18;4.040;0;0;Training_Ring_Only;117.1991;2.995631;161.3901;117.3764;3.573811;161.4747;-0.001417007;86.0986;-0.0004991369;356.4618;90.84399;1.086797
18;4.174;0;0;Training_Ring_Only;120.5354;2.995713;161.4121;120.7253;3.572484;161.4874;-0.001356667;94.06732;-0.0006760114;356.933;90.83401;1.593676
18;4.308;0;0;Training_Ring_Only;123.8626;2.995791;161.0369;124.0566;3.571919;161.1049;-0.00129544;99.03191;-0.0008004039;357.2071;89.00105;1.121081
18;4.442;0;0;Training_Ring_Only;127.1653;2.995867;160.4736;127.3548;3.571389;160.5441;-0.001295504;99.76842;-0.0008189486;357.504;84.79606;1.304133
18;4.576;0;0;Training_Ring_Only;130.4725;2.995943;159.9601;130.65;3.572709;160.0435;-0.001340021;96.91771;-0.0007480325;356.8218;76.54073;1.02449
18;4.710;0;0;Training_Ring_Only;133.8247;2.996024;159.6768;133.9858;3.572759;159.7765;-0.001410868;91.55769;-0.0006405843;356.7002;68.91409;1.007325
18;4.844;0;0;Training_Ring_Only;137.1608;2.996108;159.7288;137.306;3.574041;159.8429;-0.001471719;85.77475;-0.0004753505;356.0802;61.76028;1.116979
18;4.978;0;0;Training_Ring_Only;140.4917;2.996194;160.1073;140.6243;3.576502;160.2324;-0.001502588;80.3291;-0.0003421231;355.037;55.32689;1.308819
18;5.113;0;0;Training_Ring_Only;143.7902;2.996283;160.821;143.9096;3.576022;160.9575;-0.001521341;73.94109;-0.0001833651;355.3088;48.2878;0.8885279
18;5.247;0;0;Training_Ring_Only;146.9524;2.996373;161.9183;147.0576;3.575415;162.0651;-0.001535226;66.53128;2.207393E-05;355.764;42.14889;0.3882509
18;5.381;0;0;Training_Ring_Only;149.9526;2.996463;163.4047;150.0437;3.576768;163.5587;-0.001519498;59.83791;0.0002059591;355.5121;38.12181;-0.001182367
18;5.515;0;0;Training_Ring_Only;152.778;2.996551;165.1995;152.856;3.578497;165.3564;-0.001485665;54.75438;0.0003310722;354.6064;37.26838;0.6704706
18;5.649;0;0;Training_Ring_Only;155.4645;2.996637;167.2026;155.5378;3.577144;167.3577;-0.001471223;51.76085;0.0003979921;355.011;40.02185;0.4249291
18;5.783;0;0;Training_Ring_Only;158.0936;2.996724;169.2846;158.172;3.577574;169.4322;-0.001481725;52.33099;0.0003934702;354.7787;46.14346;0.2448073
18;5.917;0;0;Training_Ring_Only;160.8051;2.996811;171.248;160.8985;3.578279;171.3863;-0.001516008;57.12509;0.0002714028;354.1281;53.85581;0.1423192
18;6.052;0;0;Training_Ring_Only;163.7091;2.9969;172.9402;163.8211;3.578132;173.0658;-0.001524931;63.59805;9.819469E-05;354.4256;64.03002;359.9655
18;6.185;0;0;Training_Ring_Only;166.7495;2.996988;174.2715;166.878;3.578034;174.3878;-0.001498621;70.25306;-8.851826E-05;354.5797;71.50217;0.02112869
18;6.319;0;0;Training_Ring_Only;169.9613;2.997075;175.2474;170.104;3.578169;175.3517;-0.001458863;77.07154;-0.000292495;354.8416;77.81394;0.3508633
18;6.453;0;0;Training_Ring_Only;173.2479;2.997159;175.8385;173.401;3.577247;175.9293;-0.001405496;83.5322;-0.0004518576;355.2363;81.82984;0.5551937
18;6.587;0;0;Training_Ring_Only;176.5919;2.99724;176.0773;176.7526;3.578153;176.1597;-0.001357891;88.88345;-0.0005834717;355.0116;82.07;0.4671598
18;6.721;0;0;Training_Ring_Only;179.9386;2.997317;176.0713;180.0995;3.576319;176.1625;-0.001319928;90.87455;-0.0006267916;355.8775;76.41101;0.9907976
18;6.855;0;0;Training_Ring_Only;183.2889;2.997394;176.083;183.4326;3.574726;176.1949;-0.001345303;87.25259;-0.0005499297;356.6481;64.30006;1.51
18;6.989;0;0;Training_Ring_Only;186.6255;2.997475;176.4131;186.7425;3.575641;176.5426;-0.001406639;79.72618;-0.0003653619;356.3203;50.31905;2.218945
18;7.127;0;0;Training_Ring_Only;189.9705;2.997561;177.2733;190.0614;3.575341;177.4174;-0.001452234;69.30565;-0.0001031357;356.9457;38.63985;1.878518
18;7.257;0;0;Training_Ring_Only;192.899;2.997644;178.6574;192.9677;3.574718;178.8124;-0.001450079;58.27269;0.0001640873;357.1376;32.23531;1.616498
18;7.391;0;0;Training_Ring_Only;195.601;2.997728;180.6305;195.6544;3.57547;180.7921;-0.001407506;48.1387;0.0004012307;356.7402;28.19204;1.411022
18;7.525;0;0;Training_Ring_Only;197.9629;2.997809;183.0049;198.0115;3.575313;183.1717;-0.001350014;40.81253;0.0005791953;357.0947;28.74778;0.2585909
18;7.659;0;0;Training_Ring_Only;200.0546;2.997886;185.6203;200.1003;3.573514;185.7898;-0.001299988;36.035;0.0006930239;357.9025;31.10701;0.300592
18;7.793;0;0;Training_Ring_Only;201.9622;2.997962;188.3771;202.0027;3.573239;188.5494;-0.00126474;33.12404;0.000742377;358.0026;31.75582;0.09098692
18;7.927;0;0;Training_Ring_Only;203.7669;2.998035;191.202;203.8083;3.573014;191.3728;-0.001248209;32.30657;0.0007508205;358.0651;35.0237;0.009281862
18;8.066;0;0;Training_Ring_Only;205.6221;2.99811;194.041;205.6775;3.573021;194.2026;-0.001284965;35.40248;0.000681734;358.3437;44.29677;0.3450214
18;8.196;0;0;Training_Ring_Only;207.6888;2.998186;196.6521;207.7667;3.573789;196.7997;-0.001356947;43.26565;0.0005040872;357.9442;56.2271;0.2310284
18;8.330;0;0;Training_Ring_Only;210.1532;2.998267;198.9037;210.2546;3.573867;199.0374;-0.001416791;53.85537;0.0002367338;357.6244;67.10172;0.1368668
18;8.465;0;0;Training_Ring_Only;213.0119;2.998351;200.6765;213.1327;3.573554;200.8017;-0.001430432;63.82686;-2.464954E-05;357.5999;72.11571;0.8651197
18;8.599;0;0;Training_Ring_Only;216.0853;2.998434;201.9844;216.2187;3.572426;202.1059;-0.00141558;70.53909;-0.0002009142;358.127;70.26585;0.8364165
18;8.734;0;0;Training_Ring_Only;219.2965;2.998518;203.0418;219.4307;3.572339;203.1699;-0.001411726;72.44269;-0.0002162156;358.2874;64.24344;0.95691
18;8.865;0;0;Training_Ring_Only;222.4219;2.998599;204.0804;222.5456;3.571657;204.223;-0.001425023;69.80141;-0.0001649961;358.816;55.65062;1.946824
18;8.999;0;0;Training_Ring_Only;225.5258;2.998683;205.3446;225.6346;3.57252;205.5023;-0.001447041;64.76796;-7.631629E-05;358.8429;47.09641;1.524708
18;9.133;0;0;Training_Ring_Only;228.4862;2.998767;206.9032;228.5742;3.571831;207.0788;-0.001439498;58.66374;6.916796E-05;358.9826;42.2403;1.216371
18;9.267;0;0;Training_Ring_Only;231.2777;2.998851;208.7571;231.3473;3.57194;208.946;-0.001425007;53.77612;0.0001652095;358.7312;40.05476;1.699602
18;9.401;0;0;Training_Ring_Only;233.9449;2.998934;210.7895;234.0141;3.574407;210.9771;-0.001401043;51.70282;0.0001919993;357.5464;44.31896;1.928711
18;9.536;0;0;Training_Ring_Only;236.5758;2.999016;212.8628;236.6612;3.574122;213.0338;-0.00140175;52.52596;0.0001756752;357.1458;55.57346;1.246248
18;9.669;0;0;Training_Ring_Only;239.2963;2.999098;214.8103;239.4069;3.573461;214.952;-0.001408394;58.084;4.994362E-05;357.2472;70.771;0.4975359
18;9.804;0;0;Training_Ring_Only;242.2624;2.99918;216.3758;242.3996;3.574374;216.4835;-0.001393375;68.66891;-0.0002137626;357.1805;85.16915;359.4911
18;9.939;0;0;Training_Ring_Only;245.502;2.999261;217.3035;245.6589;3.574116;217.383;-0.001309267;81.68322;-0.0005260853;356.946;96.21304;0.1428866
18;10.071;0;0;Training_Ring_Only;248.8092;2.999334;217.4791;248.9802;3.574816;217.5346;-0.001174518;94.11567;-0.0007900913;356.4663;103.9192;0.6008075
18;10.206;0;0;Training_Ring_Only;252.1227;2.999398;216.9732;252.3077;3.575204;217.0112;-0.001006698;104.4618;-0.000951712;356.202;106.3064;1.391389
18;10.340;0;0;Training_Ring_Only;255.3139;2.999454;215.9696;255.5068;3.572391;216.0009;-0.0008997876;110.7738;-0.001060636;357.9278;103.5916;2.035825
18;10.474;0;0;Training_Ring_Only;258.4291;2.999505;214.7218;258.6226;3.572919;214.756;-0.000866263;112.3727;-0.001067955;358.2119;96.45434;2.215037
18;10.608;0;0;Training_Ring_Only;261.5406;2.999556;213.4952;261.7286;3.573945;213.5447;-0.0008975982;109.5195;-0.001041553;358.0972;86.40741;2.07393
18;10.742;0;0;Training_Ring_Only;264.7549;2.999612;212.5229;264.9288;3.574538;212.6017;-0.00102053;102.1889;-0.0009283364;358.0041;72.86591;2.429032
18;10.878;0;0;Training_Ring_Only;268.1115;2.999676;212.0641;268.265;3.574841;212.1746;-0.00118507;91.1006;-0.0007233579;357.4416;57.57861;1.598931
18;11.010;0;0;Training_Ring_Only;271.4023;2.999748;212.2884;271.5359;3.573847;212.4248;-0.001298224;79.11339;-0.0004669786;358.0627;48.25619;1.334992
18;11.144;0;0;Training_Ring_Only;274.6223;2.999825;213.194;274.7372;3.575266;213.3508;-0.001357311;67.84555;-0.0002025276;357.6721;40.99428;1.444734
18;11.278;0;0;Training_Ring_Only;277.6246;2.999906;214.6713;277.7227;3.575078;214.8442;-0.001381128;58.49688;3.412802E-05;358.0011;35.11941;0.5715045
18;11.412;0;0;Training_Ring_Only;280.3724;2.999986;216.5884;280.4538;3.574005;216.771;-0.0013672;50.4003;0.0002318144;358.3539;32.93067;0.5055589
18;11.546;0;0;Training_Ring_Only;282.8368;3.000065;218.8649;282.9058;3.573807;219.0444;-0.001337322;43.26896;0.0003914146;358.1411;33.94533;0.2779922
18;11.680;0;0;Training_Ring_Only;285.0457;3.000142;221.3757;285.1126;3.573063;221.5426;-0.001303289;39.54376;0.0004852982;357.8806;37.67024;359.4413
18;11.814;0;0;Training_Ring_Only;287.1844;3.000219;223.961;287.265;3.575731;224.1051;-0.001318941;40.59537;0.0004758037;357.1036;47.15252;358.1143
18;11.949;0;0;Training_Ring_Only;289.4661;3.000297;226.4258;289.5724;3.576899;226.5236;-0.001356599;47.29718;0.0003090289;356.9628;65.63958;358.025
18;12.084;0;0;Training_Ring_Only;292.1571;3.000378;228.4632;292.2726;3.571449;228.4936;-0.001409469;61.87076;-2.843102E-05;357.5108;92.14737;356.4673
18;12.217;0;0;Training_Ring_Only;295.2451;3.000458;229.6779;295.3311;3.568643;229.6641;-0.001328633;77.84839;-0.0004180146;355.6314;115.0944;353.6076
18;12.351;0;0;Training_Ring_Only;298.5696;3.000532;229.9952;298.6291;3.567821;229.9769;-0.001152809;93.92992;-0.0007705126;354.2491;132.5397;353.0043
18;12.485;0;0;Training_Ring_Only;301.8529;3.000594;229.3788;301.9049;3.570075;229.3678;-0.0008951626;110.0167;-0.001053192;352.4032;146.3871;354.7744
18;12.619;0;0;Training_Ring_Only;304.8397;3.000638;227.875;304.9004;3.573412;227.8638;-0.0005605373;126.1197;-0.001257523;350.6226;154.4772;356.9811
18;12.758;0;0;Training_Ring_Only;307.3563;3.000662;225.5266;307.4342;3.57491;225.5028;-0.0001854056;142.6963;-0.001364817;350.5273;158.9233;359.9718
18;12.888;0;0;Training_Ring_Only;309.0246;3.000664;222.751;309.1218;3.578688;222.6991;0.0001554596;156.9646;-0.001376227;350.7699;158.802;3.11982
18;13.022;0;0;Training_Ring_Only;310.107;3.00065;219.5827;310.2159;3.577277;219.4952;0.0003621626;165.7611;-0.00135162;354.3034;156.063;4.644979
18;13.155;0;0;Training_Ring_Only;310.8316;3.000626;216.3184;310.944;3.577301;216.2025;0.0004390815;168.9031;-0.001324992;356.2139;151.7012;4.295852
18;13.290;0;0;Training_Ring_Only;311.4857;3.000601;213.0263;311.6039;3.57883;212.89;0.0004175357;168.0205;-0.001333061;356.5927;145.3678;3.4431
18;13.423;0;0;Training_Ring_Only;312.2327;3.000578;209.7652;312.3625;3.580369;209.6119;0.00036413;165.7561;-0.001344773;356.0573;139.8213;2.537279
18;13.558;0;0;Training_Ring_Only;313.1111;3.000558;206.5241;313.2501;3.578803;206.3578;0.0003145122;163.6124;-0.001357826;356.3003;136.6902;2.279652
18;13.692;0;0;Training_Ring_Only;314.0849;3.00054;203.3216;314.2209;3.576642;203.1404;0.0002914789;162.6955;-0.001339886;356.7832;139.0718;1.639688
18;13.826;0;0;Training_Ring_Only;315.0657;3.000523;200.1204;315.1875;3.576254;199.9265;0.0003185044;163.8024;-0.001333929;355.7457;144.7297;0.8588097
18;13.960;0;0;Training_Ring_Only;315.9405;3.000503;196.8861;316.0442;3.573015;196.6818;0.0003813165;166.5084;-0.001322233;357.57;151.4903;0.3845859
18;14.094;0;0;Training_Ring_Only;316.6456;3.000478;193.6011;316.7342;3.573403;193.3905;0.0004598737;169.9151;-0.001306162;357.2237;156.3013;0.231145
18;14.227;0;0;Training_Ring_Only;317.1433;3.000449;190.3091;317.2213;3.577833;190.1017;0.0005385328;173.4351;-0.001303673;356.4527;158.9317;0.6535845
18;14.361;0;0;Training_Ring_Only;317.4528;3.000417;186.9847;317.5293;3.574281;186.7797;0.0006025516;176.2824;-0.0012916;357.5206;158.9631;1.296804
18;14.495;0;0;Training_Ring_Only;317.6115;3.00038;183.6275;317.6828;3.577418;183.4253;0.0006532031;178.5237;-0.001270273;356.3516;160.9803;1.193612
18;14.629;0;0;Training_Ring_Only;317.6666;3.000341;180.294;317.736;3.577623;180.0941;0.000674892;179.5087;-0.00127629;355.5631;162.1722;1.106544
18;14.763;0;0;Training_Ring_Only;317.6933;3.000302;176.9291;317.767;3.578677;176.7364;0.0006721817;179.3882;-0.001278004;355.5579;161.8425;1.296462
18;14.897;0;0;Training_Ring_Only;317.7529;3.000263;173.5914;317.8341;3.581308;173.4083;0.0006475238;178.2805;-0.001284956;354.9375;159.5119;1.957206
18;15.031;0;0;Training_Ring_Only;317.8873;3.000226;170.2375;317.9741;3.585609;170.0607;0.0006162236;176.9068;-0.00129904;352.6174;157.4096;2.565906
18;15.165;0;0;Training_Ring_Only;318.0986;3.00019;166.8978;318.1884;3.586393;166.7175;0.0005878794;175.7112;-0.001325005;352.3583;157.2941;2.352726
18;15.299;0;0;Training_Ring_Only;318.3655;3.000156;163.5537;318.4576;3.587161;163.3644;0.0005751142;175.2035;-0.001347071;351.5273;157.9155;2.010882
18;15.433;0;0;Training_Ring_Only;318.6443;3.000123;160.2121;318.7357;3.590421;160.0137;0.0005792172;175.3363;-0.001346064;350.1228;159.3443;1.164071
18;15.572;0;0;Training_Ring_Only;318.9245;3.000087;156.7502;319.0182;3.591374;156.5432;0.0005773667;175.2606;-0.00134711;349.6768;160.5879;0.8106661
18;15.701;0;0;Training_Ring_Only;319.2069;3.000055;153.5384;319.3058;3.590712;153.3281;0.0005573831;174.399;-0.001351631;349.5853;159.6539;0.422131
18;15.835;0;0;Training_Ring_Only;319.5741;3.000023;150.2065;319.6807;3.591013;149.9965;0.0005152114;172.5946;-0.001359591;349.266;157.5887;0.3866338
18;15.969;0;0;Training_Ring_Only;320.0557;2.999995;146.8917;320.1694;3.589163;146.681;0.0004700581;170.5913;-0.001373195;349.8828;156.5349;0.2665894
18;16.104;0;0;Training_Ring_Only;320.6397;2.999968;143.5795;320.7565;3.58757;143.3684;0.0004417804;169.3408;-0.001372739;350.857;157.1181;0.07338783
18;16.238;0;0;Training_Ring_Only;321.2673;2.999942;140.29;321.3824;3.587251;140.0777;0.0004407311;169.2971;-0.001368189;351.1411;159.3146;0.1471904
18;16.372;0;0;Training_Ring_Only;321.8582;2.999916;136.9902;321.9651;3.586742;136.7742;0.0004793605;170.9613;-0.001358213;351.4662;163.1725;0.4387099
18;16.506;0;0;Training_Ring_Only;322.3143;2.999886;133.6707;322.407;3.586267;133.45;0.0005516623;174.0543;-0.001352427;351.8239;167.4143;0.1602428
18;16.640;0;0;Training_Ring_Only;322.5783;2.999851;130.3302;322.6582;3.586548;130.1079;0.0006302149;177.4522;-0.001322617;351.6773;170.5065;0.1304343
18;16.774;0;0;Training_Ring_Only;322.6536;2.999813;126.9805;322.7285;3.586704;126.7579;0.000695652;180.3248;-0.001303626;351.6579;171.4386;0.316509
18;16.908;0;0;Training_Ring_Only;322.5819;2.999771;123.6282;322.6568;3.585979;123.4069;0.0007394059;182.2502;-0.001285358;352.0972;171.1096;0.4933655
18;17.042;0;0;Training_Ring_Only;322.4246;2.999727;120.2842;322.5002;3.586024;120.0667;0.0007613337;183.1898;-0.001279785;352.2957;170.7241;0.9254177
18;17.176;0;0;Training_Ring_Only;322.2292;2.999683;116.9366;322.3064;3.586788;116.7256;0.0007665234;183.4054;-0.001279049;351.9828;169.247;1.054694
18;17.310;0;0;Training_Ring_Only;322.0427;2.999639;113.5911;322.1255;3.5869;113.3874;0.0007499218;182.6446;-0.001292398;352.0809;166.9459;1.058033
18;17.444;0;0;Training_Ring_Only;321.9344;2.999596;110.2445;322.0274;3.586611;110.0501;0.0007017483;180.504;-0.001310968;352.3536;163.5191;1.433133
18;17.578;0;0;Training_Ring_Only;321.9701;2.999556;106.8921;322.0713;3.586173;106.706;0.0006407786;177.8594;-0.001339725;352.3694;160.8765;1.195354
18;17.691;0;0;Training_Ring_Only;322.1138;2.999526;104.0799;322.2199;3.587042;103.8997;0.0005965075;175.9143;-0.00133463;352.1395;159.4822;1.301016
18;17.824;0;0;Training_Ring_Only;322.399;2.999492;100.7635;322.5097;3.587595;100.5877;0.0005529869;174.0152;-0.001350496;351.7494;158.3975;1.320907
18;17.958;0;0;Training_Ring_Only;322.7859;2.999461;97.43625;322.8983;3.587453;97.26135;0.0005165779;172.4952;-0.001359644;351.8623;157.5834;0.9271517
18;18.092;0;0;Training_Ring_Only;323.26;2.999432;94.11522;323.3758;3.587452;93.94088;0.0004800621;170.99;-0.00137174;351.9065;156.6474;0.7508947
18;18.226;0;0;Training_Ring_Only;323.8204;2.999404;90.81983;323.9412;3.587055;90.64652;0.0004449024;169.4431;-0.001383393;352.2324;155.1479;0.7461646
18;18.360;0;0;Training_Ring_Only;324.4709;2.999379;87.53067;324.5945;3.58621;87.35758;0.0004108957;167.9946;-0.001383477;352.766;155.1664;0.6349816
18;18.494;0;0;Training_Ring_Only;325.1921;2.999356;84.25697;325.3158;3.585696;84.0835;0.0003929367;167.154;-0.001374594;353.12;156.4501;0.5117573
18;18.628;0;0;Training_Ring_Only;325.9386;2.999333;80.9911;326.061;3.585788;80.81741;0.0003978277;167.2856;-0.001373695;353.1094;157.7168;0.7791876
18;18.762;0;0;Training_Ring_Only;326.6559;2.99931;77.71598;326.7738;3.585954;77.54086;0.0004190122;168.29;-0.001373937;353.1049;159.5602;0.9277244
18;18.897;0;0;Training_Ring_Only;327.3015;2.999284;74.40492;327.4115;3.58556;74.22652;0.0004623733;170.0416;-0.001361828;353.1728;162.0232;0.8466648
18;19.031;0;0;Training_Ring_Only;327.8289;2.999255;71.09335;327.9296;3.585824;70.91171;0.0005136772;172.2728;-0.001326459;353.0042;164.7725;0.6806328
18;19.165;0;0;Training_Ring_Only;328.2213;2.999224;67.77531;328.3133;3.585445;67.59148;0.000567282;174.6741;-0.001309563;353.0889;167.4084;0.696139
18;19.299;0;0;Training_Ring_Only;328.4689;2.99919;64.43315;328.5521;3.586403;64.24773;0.0006282309;177.3771;-0.001285754;352.5042;170.1083;0.9169139
18;19.433;0;0;Training_Ring_Only;328.5448;2.999151;61.08073;328.6166;3.587055;60.89277;0.0007014667;180.6887;-0.001262642;352.0962;173.7735;1.038253
18;19.569;0;0;Training_Ring_Only;328.4096;2.999108;57.69226;328.4687;3.586898;57.4997;0.0007863681;184.6269;-0.001211018;352.1487;178.1019;1.213233
18;19.702;0;0;Training_Ring_Only;328.0385;2.99906;54.38914;328.0824;3.586459;54.1916;0.0008776287;188.9904;-0.001162606;352.3182;182.4615;1.182436
18;19.835;0;0;Training_Ring_Only;327.4091;2.999006;51.11208;327.4365;3.586251;50.91116;0.0009681812;193.485;-0.001098724;352.437;187.0495;0.8806896
18;19.971;0;0;Training_Ring_Only;326.5167;2.998947;47.8436;326.5307;3.586034;47.64023;0.001045946;197.6335;-0.001049073;352.6737;189.7728;0.9228587
18;20.102;0;0;Training_Ring_Only;325.4481;2.998886;44.73115;325.4549;3.58519;44.52726;0.001095829;200.4802;-0.0009998999;353.1528;190.2389;0.6018368
18;20.236;0;0;Training_Ring_Only;324.2467;2.998821;41.607;324.2552;3.585186;41.4044;0.001114938;201.3777;-0.0009955429;353.1775;188.1761;0.6998102
18;20.370;0;0;Training_Ring_Only;323.0407;2.998756;38.47763;323.0561;3.584724;38.27671;0.001098103;200.4066;-0.00102572;353.3336;185.2442;0.8659159
18;20.505;0;0;Training_Ring_Only;321.9044;2.998692;35.30724;321.929;3.58449;35.10826;0.001066722;198.6586;-0.001072002;353.5108;182.1689;0.9824221
18;20.639;0;0;Training_Ring_Only;320.8835;2.998631;32.13511;320.9171;3.58476;31.93792;0.001024408;196.6667;-0.001098518;353.372;179.9445;1.291062
18;20.773;0;0;Training_Ring_Only;319.968;2.998572;28.90865;320.0088;3.585256;28.71167;0.0009820062;194.7107;-0.001118644;353.2973;177.9277;1.376568
18;20.907;0;0;Training_Ring_Only;319.1602;2.998516;25.65182;319.2078;3.58474;25.45505;0.0009452367;192.8319;-0.001140035;353.7328;176.3914;1.10127
18;21.041;0;0;Training_Ring_Only;318.4627;2.998462;22.38064;318.519;3.584129;22.18513;0.0009042047;190.9167;-0.001161169;353.9753;174.8805;0.9494253
18;21.175;0;0;Training_Ring_Only;317.874;2.99841;19.07826;317.9395;3.583952;18.88548;0.0008629228;188.9812;-0.001208745;354.0591;172.8098;1.221316
18;21.309;0;0;Training_Ring_Only;317.3971;2.99836;15.76123;317.4697;3.58418;15.57328;0.0008206916;186.9982;-0.001238563;353.9359;170.6539;1.341004
18;21.443;0;0;Training_Ring_Only;317.0424;2.998314;12.43408;317.1221;3.585103;12.25264;0.0007731229;184.7213;-0.001252483;353.3141;167.6783;1.449843
18;21.577;0;0;Training_Ring_Only;316.8333;2.99827;9.087443;316.9218;3.584822;8.912598;0.000707988;181.8124;-0.001269463;353.2277;163.4802;1.396526
18;21.713;0;0;Training_Ring_Only;316.8132;2.99823;5.700366;316.9122;3.5843;5.531856;0.000626249;178.1788;-0.001311641;353.3234;159.0461;1.272511
18;21.845;0;0;Training_Ring_Only;317.009;2.998196;2.391599;317.1184;3.583898;2.228751;0.0005385979;174.4333;-0.001359573;353.61;155.1874;1.259338
18;21.980;0;0;Training_Ring_Only;317.4225;2.998166;-0.9418843;317.5411;3.583337;-1.099914;0.0004557038;170.8807;-0.00136505;353.8851;152.4363;1.192553
18;22.113;0;0;Training_Ring_Only;318.0295;2.998141;-4.224453;318.1557;3.583346;-4.378243;0.0003774359;167.6583;-0.001372599;353.8792;150.513;1.024651
18;22.247;0;0;Training_Ring_Only;318.82;2.998121;-7.48386;318.9526;3.583172;-7.63345;0.0003058744;164.5954;-0.001377207;353.8914;148.7058;0.8837813
18;22.381;0;0;Training_Ring_Only;319.7748;2.998105;-10.69047;319.9117;3.583519;-10.83547;0.000244615;161.9085;-0.001385756;353.7606;147.6087;0.8933381
18;22.515;0;0;Training_Ring_Only;320.8637;2.998091;-13.87034;321.0033;3.58366;-14.01235;0.000200686;160.1665;-0.00139498;353.6604;146.6051;0.7922689
18;22.649;0;0;Training_Ring_Only;322.0195;2.99808;-17.00545;322.157;3.583191;-17.14745;0.0001824748;159.3848;-0.001380112;353.9619;148.9075;0.7598416
18;22.783;0;0;Training_Ring_Only;323.1868;2.998068;-20.14892;323.3147;3.582662;-20.29557;0.0002165906;160.539;-0.001376466;353.9065;154.4825;0.8370519
18;22.917;0;0;Training_Ring_Only;324.2123;2.998054;-23.33451;324.3215;3.582642;-23.49249;0.0003221028;165.0053;-0.001367924;353.8793;161.8733;0.5000831
18;23.051;0;0;Training_Ring_Only;324.9354;2.998031;-26.60732;325.0231;3.582084;-26.77485;0.0004638714;171.1885;-0.001335538;354.1605;169.7946;0.2552734
18;23.185;0;0;Training_Ring_Only;325.3016;2.998001;-29.93356;325.3722;3.582571;-30.10655;0.0005992062;177.0911;-0.001308303;353.6877;174.7122;0.1714692
18;23.319;0;0;Training_Ring_Only;325.3491;2.997963;-33.2859;325.4088;3.582187;-33.46236;0.000705527;181.8385;-0.001251709;353.9584;177.935;0.1300254
18;23.453;0;0;Training_Ring_Only;325.1492;2.99792;-36.63146;325.2047;3.582099;-36.80906;0.0007861328;185.4728;-0.001230806;353.9483;179.9628;0.4313572
18;23.591;0;0;Training_Ring_Only;324.7409;2.997871;-40.0391;324.7927;3.582051;-40.21847;0.0008568258;188.7167;-0.001201393;353.9264;181.4479;0.9192514
18;23.721;0;0;Training_Ring_Only;324.1761;2.99782;-43.2577;324.2232;3.582485;-43.439;0.0009200734;191.5617;-0.001170432;354.0351;182.8721;0.8371002
18;23.856;0;0;Training_Ring_Only;323.452;2.997765;-46.54685;323.5016;3.582516;-46.73043;0.0009513599;193.2465;-0.001129671;354.3716;182.2597;0.9796807
18;23.989;0;0;Training_Ring_Only;322.6887;2.99771;-49.78688;322.7491;3.581158;-49.96925;0.0009453632;192.9141;-0.001138404;354.8865;178.7506;1.321046
18;24.123;0;0;Training_Ring_Only;321.9749;2.997655;-53.05905;322.047;3.579931;-53.23903;0.0009116707;191.2797;-0.001164683;355.3166;175.2605;1.687943
18;24.257;0;0;Training_Ring_Only;321.3618;2.997603;-56.35367;321.4417;3.579802;-56.53213;0.0008773177;189.5736;-0.001182614;355.4857;173.5539;1.557069
18;24.394;0;0;Training_Ring_Only;320.8298;2.997551;-59.7255;320.9157;3.579764;-59.90485;0.0008500078;188.1868;-0.001193731;355.4465;173.2353;1.296152
18;24.526;0;0;Training_Ring_Only;320.3896;2.997503;-62.98706;320.4837;3.578679;-63.16817;0.0008244608;186.9676;-0.001210298;355.813;172.7916;1.384098
18;24.660;0;0;Training_Ring_Only;320.0159;2.997455;-66.32047;320.1185;3.578427;-66.50263;0.0007937723;185.5693;-0.001221187;355.8243;171.255;2.015004
18;24.794;0;0;Training_Ring_Only;319.7244;2.997409;-69.65681;319.828;3.578041;-69.84077;0.0007657678;184.2488;-0.001227009;356.175;170.9298;1.958743
18;24.928;0;0;Training_Ring_Only;319.4963;2.997365;-73.00674;319.5968;3.577927;-73.19418;0.000751676;183.5822;-0.001220475;356.266;171.9179;1.591539
18;25.062;0;0;Training_Ring_Only;319.2844;2.997321;-76.34207;319.3809;3.577978;-76.53241;0.0007583102;183.883;-0.001210581;356.3694;173.7487;1.574465
18;25.196;0;0;Training_Ring_Only;319.0368;2.997276;-79.68299;319.1285;3.578563;-79.87352;0.0007770589;184.7663;-0.001197186;356.0627;175.0965;1.599199
18;25.330;0;0;Training_Ring_Only;318.737;2.997231;-83.01962;318.8242;3.579727;-83.20869;0.0007934506;185.5717;-0.001198472;355.3564;175.9183;1.22807
18;25.464;0;0;Training_Ring_Only;318.4019;2.997184;-86.35429;318.4885;3.58019;-86.5404;0.000799985;185.875;-0.001193349;355.1692;175.6591;1.276072
18;25.599;0;0;Training_Ring_Only;318.0584;2.997137;-89.7029;318.1482;3.580298;-89.88518;0.0007966136;185.7661;-0.00119455;355.0472;174.2415;1.746952
18;25.732;0;0;Training_Ring_Only;317.7313;2.997091;-93.02367;317.8234;3.581052;-93.20138;0.0007885991;185.3604;-0.001197895;354.682;173.1991;2.213053
18;25.866;0;0;Training_Ring_Only;317.4359;2.997045;-96.36961;317.5291;3.581636;-96.5432;0.0007701184;184.4884;-0.001204772;354.3305;171.987;2.15199
18;26.001;0;0;Training_Ring_Only;317.2058;2.997001;-99.72202;317.3003;3.581926;-99.89261;0.0007384241;182.9998;-0.001229464;354.1959;169.9446;1.9968
18;26.134;0;0;Training_Ring_Only;317.0788;2.996958;-103.0607;317.1752;3.580797;-103.2296;0.0006945434;180.9751;-0.001263241;354.9056;168.0126;1.667146
18;26.268;0;0;Training_Ring_Only;317.0714;2.996919;-106.412;317.1691;3.580203;-106.5798;0.0006504165;178.9913;-0.001288188;355.1546;167.1627;1.395081
18;26.402;0;0;Training_Ring_Only;317.1709;2.996882;-109.7627;317.2686;3.579196;-109.931;0.0006146208;177.3964;-0.001296325;355.5909;166.7819;1.012955
18;26.537;0;0;Training_Ring_Only;317.3591;2.996847;-113.1301;317.4575;3.578536;-113.2993;0.0005819543;175.9702;-0.00131346;355.8903;166.1147;0.6474576
18;26.671;0;0;Training_Ring_Only;317.6285;2.996814;-116.4653;317.728;3.578408;-116.6348;0.0005487272;174.5713;-0.001346935;355.9775;165.3479;0.4126485
18;26.805;0;0;Training_Ring_Only;317.9753;2.996782;-119.794;318.0757;3.578424;-119.9632;0.000520691;173.4272;-0.0013716;355.8966;165.3913;0.3694898
18;26.940;0;0;Training_Ring_Only;318.3715;2.996752;-123.1328;318.4694;3.578794;-123.3026;0.0005164984;173.2321;-0.001371231;355.477;166.721;0.3039168
18;27.073;0;0;Training_Ring_Only;318.744;2.996721;-126.4589;318.8351;3.578372;-126.6314;0.0005436926;174.3755;-0.001369016;355.6341;169.1094;0.05831671
18;27.213;0;0;Training_Ring_Only;319.0316;2.996687;-129.9214;319.1123;3.578167;-130.096;0.0005985749;176.6889;-0.001350319;355.4751;172.6911;359.9309
18;27.342;0;0;Training_Ring_Only;319.1513;2.996652;-133.1532;319.2217;3.578943;-133.3284;0.0006677021;179.665;-0.001323782;354.8978;175.8475;0.05033803
18;27.476;0;0;Training_Ring_Only;319.0881;2.996611;-136.501;319.1493;3.579195;-136.676;0.000745525;183.0751;-0.001291742;354.7437;178.9903;0.04833322
18;27.609;0;0;Training_Ring_Only;318.8311;2.996565;-139.8245;318.8879;3.58192;-139.9997;0.0008185811;186.2749;-0.001275462;353.177;180.377;359.7017
18;27.743;0;0;Training_Ring_Only;318.402;2.996516;-143.1305;318.4601;3.58047;-143.3082;0.0008758135;188.7888;-0.001238748;353.9171;179.1369;0.3163968
18;27.878;0;0;Training_Ring_Only;317.8515;2.996464;-146.4652;317.9135;3.5794;-146.645;0.0008995775;189.8054;-0.001228604;354.5758;177.3854;0.7084882
18;28.010;0;0;Training_Ring_Only;317.3012;2.996412;-149.7386;317.3719;3.579558;-149.9153;0.0008811328;188.8487;-0.001252315;354.442;173.4904;1.19096
18;28.146;0;0;Training_Ring_Only;316.8307;2.996361;-153.0836;316.911;3.579758;-153.2563;0.0008331086;186.6927;-0.001291624;354.1195;168.632;1.254858
18;28.280;0;0;Training_Ring_Only;316.5001;2.996313;-156.4322;316.5894;3.579568;-156.6027;0.0007718724;184.0591;-0.001318719;354.065;165.8217;1.203704
18;28.412;0;0;Training_Ring_Only;316.3285;2.99627;-159.7363;316.4279;3.578803;-159.9062;0.0007128019;181.514;-0.001362416;354.6085;163.3672;1.424843
18;28.570;0;0;Training_Ring_Only;316.2893;2.996223;-163.6645;316.3959;3.578249;-163.8336;0.0006489945;178.8612;-0.001394069;355.2145;161.3595;1.468702
18;28.703;0;0;Training_Ring_Only;316.4056;2.996186;-167.0013;316.5144;3.57817;-167.1706;0.0005963457;176.7105;-0.001413082;355.452;160.6999;1.142895
18;28.837;0;0;Training_Ring_Only;316.6504;2.996153;-170.339;316.7634;3.577943;-170.5065;0.0005423197;174.5321;-0.00143295;355.7778;158.6864;1.169896
18;28.971;0;0;Training_Ring_Only;317.0223;2.996123;-173.6687;317.1395;3.57811;-173.8332;0.000489655;172.3775;-0.001447792;355.6732;157.1549;0.9757993
18;29.105;0;0;Training_Ring_Only;317.515;2.996095;-176.9776;317.6364;3.577904;-177.1373;0.00043859;170.3959;-0.001457192;355.7697;155.8808;0.878881
18;29.239;0;0;Training_Ring_Only;318.1165;2.99607;-180.285;318.2411;3.578324;-180.4392;0.0003965923;168.8129;-0.001470814;355.3901;154.8638;0.795604
18;29.373;0;0;Training_Ring_Only;318.7932;2.996048;-183.5627;318.9203;3.578494;-183.7129;0.0003712493;167.7403;-0.001459107;355.3337;154.6256;0.7666538
18;29.529;0;0;Training_Ring_Only;319.6433;2.996023;-187.3597;319.773;3.578179;-187.506;0.0003445269;166.6626;-0.001451508;355.4385;153.9101;0.508167
18;29.708;0;0;Training_Ring_Only;320.7231;2.995997;-191.7014;320.8576;3.578119;-191.8411;0.0003026528;165.0158;-0.001468469;355.3372;152.3003;0.672303
18;29.911;0;0;Training_Ring_Only;322.0916;2.995972;-196.5734;322.2313;3.577804;-196.7064;0.0002531832;163.1247;-0.001469488;355.5599;149.2558;1.049238
18;30.023;0;0;Training_Ring_Only;322.9191;2.99596;-199.2681;323.0602;3.578292;-199.3984;0.0002279074;162.0109;-0.001464531;355.4692;147.9046;1.145027
18;30.156;0;0;Training_Ring_Only;323.9783;2.995948;-202.4212;324.1208;3.577903;-202.5497;0.0001941599;160.647;-0.001464695;355.7339;146.9378;1.100805
18;30.290;0;0;Training_Ring_Only;325.1156;2.995937;-205.575;325.2579;3.577415;-205.7013;0.0001664716;159.5961;-0.001463566;355.8098;146.7424;1.154719
18;30.425;0;0;Training_Ring_Only;326.3039;2.995927;-208.7322;326.4432;3.574372;-208.8587;0.0001608707;159.3206;-0.001466375;356.2426;147.2522;1.109962
18;30.557;0;0;Training_Ring_Only;327.4588;2.995918;-211.8242;327.5922;3.574974;-211.9529;0.0001722481;159.8078;-0.001463022;355.5297;148.2098;0.596662
18;30.691;0;0;Training_Ring_Only;328.6062;2.995908;-214.9709;328.7387;3.575498;-215.101;0.0001739878;160.1434;-0.001462197;355.2536;149.3988;0.9615196
18;30.825;0;0;Training_Ring_Only;329.7399;2.995898;-218.1216;329.8744;3.575187;-218.2561;0.0001780546;160.3054;-0.001462326;355.2043;149.0391;0.7017589
18;30.959;0;0;Training_Ring_Only;330.8676;2.995888;-221.2811;331.0055;3.574796;-221.4223;0.0001781382;160.4102;-0.001465486;355.8057;149.1538;0.5987473
18;31.093;0;0;Training_Ring_Only;331.9901;2.995878;-224.4404;332.1305;3.573734;-224.5877;0.0001805237;160.5432;-0.001461775;356.4346;150.3376;0.9511018
18;31.229;0;0;Training_Ring_Only;333.1074;2.995867;-227.6534;333.2476;3.574511;-227.8083;0.0002028392;161.4488;-0.00145831;356.1927;152.3927;0.9535615
18;31.362;0;0;Training_Ring_Only;334.1217;2.995854;-230.7983;334.2575;3.573983;-230.9627;0.00024585;163.1789;-0.00146426;356.3502;155.6108;0.4806121
18;31.496;0;0;Training_Ring_Only;335.0431;2.995839;-234.0184;335.1753;3.574076;-234.1925;0.0002959147;165.3036;-0.001462176;356.2813;160.1104;0.541676
18;31.630;0;0;Training_Ring_Only;335.837;2.99582;-237.2772;335.9665;3.573026;-237.4587;0.0003553556;167.6904;-0.001455214;356.3502;162.2861;0.6464964
18;31.764;0;0;Training_Ring_Only;336.502;2.995798;-240.5582;336.6286;3.572612;-240.7452;0.0004011866;169.5206;-0.001455566;356.3492;162.606;0.6946309
18;31.898;0;0;Training_Ring_Only;337.0924;2.995774;-243.8552;337.2191;3.572046;-244.045;0.000414879;170.0593;-0.001451858;356.7272;161.0142;0.5502147
18;32.032;0;0;Training_Ring_Only;337.6844;2.99575;-247.155;337.8173;3.571882;-247.3439;0.0003930921;169.2522;-0.001458083;356.9484;158.4163;0.6472869
18;32.166;0;0;Training_Ring_Only;338.3532;2.995728;-250.454;338.4945;3.570596;-250.6383;0.0003538387;167.4931;-0.001459016;357.4333;155.486;0.8684521
18;32.300;0;0;Training_Ring_Only;339.1121;2.995708;-253.6991;339.2563;3.569547;-253.88;0.0003191826;166.0352;-0.001464384;358.1305;154.5574;1.022158
18;32.434;0;0;Training_Ring_Only;339.9429;2.99569;-256.9424;340.0846;3.569699;-257.1216;0.000298089;165.2009;-0.001461382;358.0539;154.9287;0.8642212
18;32.569;0;0;Training_Ring_Only;340.8162;2.995672;-260.2135;340.9552;3.570485;-260.3938;0.0002953949;164.9214;-0.001461929;357.5794;155.6122;0.5429484
18;32.703;0;0;Training_Ring_Only;341.6902;2.995655;-263.4447;341.8285;3.570562;-263.6272;0.0002926624;164.7772;-0.001465631;357.8519;156.4101;0.2313405
18;32.837;0;0;Training_Ring_Only;342.5728;2.995637;-266.6809;342.7123;3.570345;-266.8633;0.0002938364;164.7784;-0.001465537;357.9703;157.1488;0.3068133
18;32.971;0;0;Training_Ring_Only;343.441;2.99562;-269.9113;343.5793;3.570244;-270.0925;0.0003057925;165.3188;-0.001457487;357.8775;157.54;0.6545247
18;33.105;0;0;Training_Ring_Only;344.2706;2.995601;-273.1601;344.4041;3.571351;-273.3394;0.0003249911;166.1834;-0.001459516;357.5431;158.3318;0.6924586
18;33.240;0;0;Training_Ring_Only;345.0513;2.995582;-276.4282;345.179;3.572193;-276.6046;0.0003473924;167.1183;-0.001457875;357.053;159.4101;0.5135658
18;33.376;0;0;Training_Ring_Only;345.7879;2.99556;-279.762;345.9131;3.572657;-279.9362;0.0003755145;168.1411;-0.001452864;356.7924;160.0568;0.6385254
18;33.508;0;0;Training_Ring_Only;346.4422;2.995538;-282.985;346.5665;3.572741;-283.1563;0.0004003118;169.0328;-0.00145468;356.9502;160.2471;0.7448592
18;33.641;0;0;Training_Ring_Only;347.0586;2.995515;-286.2677;347.1805;3.5744;-286.4371;0.0004218758;169.8103;-0.001456512;355.6037;160.5693;0.6523917
18;33.775;0;0;Training_Ring_Only;347.6336;2.99549;-289.564;347.752;3.573245;-289.7349;0.0004418879;170.5302;-0.00144783;356.2681;162.0346;0.7240043
18;33.909;0;0;Training_Ring_Only;348.1614;2.995463;-292.8723;348.2745;3.572934;-293.0476;0.0004708256;171.6828;-0.001450524;356.606;164.0483;0.7472853
18;34.044;0;0;Training_Ring_Only;348.5995;2.995434;-296.2209;348.7029;3.572864;-296.4037;0.000530438;174.0556;-0.001441919;356.5924;167.8024;0.7092361
18;34.177;0;0;Training_Ring_Only;348.8645;2.995401;-299.5423;348.955;3.572318;-299.7328;0.000615505;177.4898;-0.001420963;356.8712;171.7074;0.6704024
18;34.312;0;0;Training_Ring_Only;348.9236;2.995363;-302.8949;349.0031;3.571957;-303.0926;0.0007012452;180.9975;-0.001384051;357.0488;174.3319;0.6401104
18;34.446;0;0;Training_Ring_Only;348.7935;2.995321;-306.241;348.8647;3.571115;-306.4446;0.0007665952;183.7578;-0.001339155;357.4276;175.6058;0.5335294
18;34.583;0;0;Training_Ring_Only;348.5203;2.995274;-309.6295;348.5867;3.571247;-309.8377;0.0008115571;185.683;-0.001318697;357.6429;176.0864;0.1002433
18;34.726;0;0;Training_Ring_Only;348.1269;2.995223;-313.2024;348.1949;3.569599;-313.4116;0.0008397944;186.9285;-0.001302754;358.6067;175.7625;0.3347838
18;34.870;0;0;Training_Ring_Only;347.6866;2.995169;-316.7902;347.7635;3.570011;-316.9948;0.0008375098;186.7669;-0.001326557;358.3496;172.8961;1.099029
18;35.004;0;0;Training_Ring_Only;347.3199;2.995121;-320.1181;347.4031;3.569993;-320.3156;0.0008061547;185.4491;-0.001334442;358.3047;169.829;1.16969
18;35.138;0;0;Training_Ring_Only;347.0454;2.995075;-323.4607;347.1369;3.570652;-323.6532;0.00076226;183.5336;-0.001348932;357.6091;167.5697;1.230566
18;35.272;0;0;Training_Ring_Only;346.8976;2.995032;-326.8146;347.002;3.56935;-327.0022;0.0007023733;181.0139;-0.001365997;358.1889;164.7474;1.322283
18;35.406;0;0;Training_Ring_Only;346.9021;2.994992;-330.1589;347.0174;3.570088;-330.3417;0.000639388;178.3935;-0.001387861;357.71;161.847;1.479783
18;35.540;0;0;Training_Ring_Only;347.0584;2.994956;-333.5124;347.1815;3.570584;-333.6914;0.0005771861;175.8076;-0.001397236;357.4604;159.5342;1.71689
18;35.674;0;0;Training_Ring_Only;347.3652;2.994924;-336.8461;347.4933;3.5706;-337.0213;0.0005152461;173.2841;-0.001407596;357.5126;157.7338;1.371721
18;35.808;0;0;Training_Ring_Only;347.8148;2.994895;-340.1639;347.9503;3.570446;-340.3353;0.0004572623;170.8815;-0.001415668;357.5546;155.7188;1.188645
18;35.942;0;0;Training_Ring_Only;348.4038;2.99487;-343.4633;348.5474;3.569989;-343.6297;0.0003986677;168.4956;-0.001421832;357.9645;153.5939;1.238094
18;36.076;0;0;Training_Ring_Only;349.127;2.994848;-346.7328;349.2776;3.570464;-346.8933;0.0003417439;166.1868;-0.001425995;357.8309;151.5816;1.114865
18;36.210;0;0;Training_Ring_Only;349.9798;2.994829;-349.9753;350.1379;3.5709;-350.128;0.0002855512;163.969;-0.00142816;357.7069;149.9607;1.08505
18;36.344;0;0;Training_Ring_Only;350.9529;2.994814;-353.1789;351.1177;3.57134;-353.3229;0.0002366741;161.9337;-0.0014256;357.4986;148.3801;1.222178
18;36.479;0;0;Training_Ring_Only;352.0369;2.994801;-356.3559;352.2048;3.571505;-356.4912;0.0001897887;160.1634;-0.001431379;357.5007;146.9411;1.219458
18;36.613;0;0;Training_Ring_Only;353.2026;2.994791;-359.4943;353.3695;3.572355;-359.6232;0.0001631174;159.0321;-0.001423362;356.8699;147.0007;1.43213
18;36.746;0;0;Training_Ring_Only;354.4038;2.994782;-362.6032;354.5659;3.573113;-362.7305;0.0001629282;158.8498;-0.001423383;356.3141;148.0472;1.434637
18;36.880;0;0;Training_Ring_Only;355.5996;2.994772;-365.7317;355.7535;3.573009;-365.862;0.0001796601;159.5892;-0.001419607;356.135;150.3893;1.072658
18;37.014;0;0;Training_Ring_Only;356.7355;2.994761;-368.8845;356.8824;3.573533;-369.0205;0.0002193195;161.1457;-0.00141651;355.8229;153.2162;0.8546554
18;37.148;0;0;Training_Ring_Only;357.7766;2.994747;-372.0743;357.9189;3.573114;-372.2165;0.000264627;163.0066;-0.001419483;356.0304;154.8993;0.7744418
18;37.282;0;0;Training_Ring_Only;358.7184;2.99473;-375.2855;358.8589;3.572899;-375.4312;0.0002992853;164.398;-0.001415626;356.1293;155.333;0.687139
18;37.416;0;0;Training_Ring_Only;359.6059;2.994712;-378.5248;359.7471;3.571979;-378.6711;0.0003126825;164.9096;-0.001422713;356.5625;154.4628;0.7268962
18;37.554;0;0;Training_Ring_Only;360.5025;2.994693;-381.8388;360.6454;3.570701;-381.9827;0.0003056387;164.6881;-0.001426638;356.9086;153.2051;0.8365538
18;37.685;0;0;Training_Ring_Only;361.3764;2.994676;-384.9912;361.5193;3.570079;-385.1321;0.000297549;164.2603;-0.001423885;356.8279;152.5553;0.8406259
18;37.818;0;0;Training_Ring_Only;362.2896;2.994659;-388.2055;362.4315;3.570852;-388.3447;0.0002947378;164.026;-0.001427753;356.5944;152.6339;1.083405
18;37.952;0;0;Training_Ring_Only;363.2153;2.994642;-391.4316;363.3565;3.570751;-391.5703;0.000294794;163.9259;-0.001421322;356.439;152.4753;1.333091
18;38.086;0;0;Training_Ring_Only;364.1501;2.994625;-394.6484;364.2922;3.570236;-394.7872;0.000287812;163.5176;-0.001425885;356.6839;151.1729;1.205583
18;38.220;0;0;Training_Ring_Only;365.1206;2.994608;-397.8528;365.2661;3.570072;-397.9906;0.0002659416;162.4874;-0.001424088;356.7949;149.1677;0.9806083
18;38.355;0;0;Training_Ring_Only;366.1694;2.994594;-401.0379;366.3213;3.569699;-401.1719;0.0002165216;160.6212;-0.001438076;357.0214;146.8033;0.968693
18;38.488;0;0;Training_Ring_Only;367.3339;2.994582;-404.1789;367.4925;3.568916;-404.308;0.0001576062;158.3403;-0.001429296;357.4653;144.9705;1.000844
18;38.622;0;0;Training_Ring_Only;368.6145;2.994574;-407.272;368.7776;3.568464;-407.3979;0.0001065573;156.4689;-0.001432433;357.8304;143.9118;1.263514
18;38.757;0;0;Training_Ring_Only;369.9917;2.994568;-410.3511;370.1552;3.568652;-410.4759;8.304061E-05;155.1993;-0.001417535;357.8231;143.4633;1.099401
18;38.891;0;0;Training_Ring_Only;371.4187;2.994564;-413.3806;371.5818;3.568472;-413.5051;5.927685E-05;154.1946;-0.001426076;357.9615;143.0871;0.8773314
18;39.025;0;0;Training_Ring_Only;372.8967;2.994561;-416.3837;373.0587;3.568377;-416.5074;4.363571E-05;153.292;-0.001425291;357.9402;143.1829;0.5842001
18;39.159;0;0;Training_Ring_Only;374.4153;2.994558;-419.3764;374.5765;3.568545;-419.5003;3.785739E-05;152.9357;-0.001414225;357.8469;143.7427;0.3564285
18;39.294;0;0;Training_Ring_Only;375.9426;2.994556;-422.3693;376.1018;3.568083;-422.4936;3.82651E-05;153.0898;-0.00141355;358.0387;145.2396;0.2922651
18;39.427;0;0;Training_Ring_Only;377.4416;2.994554;-425.354;377.5999;3.569163;-425.4803;5.048023E-05;153.8192;-0.00141713;357.3518;146.1622;0.3468536
18;39.561;0;0;Training_Ring_Only;378.8905;2.99455;-428.3759;379.0465;3.56928;-428.5061;8.869592E-05;155.2661;-0.001420485;357.3474;147.5419;0.3455374
18;39.697;0;0;Training_Ring_Only;380.2677;2.994543;-431.473;380.4198;3.56979;-431.6086;0.0001410918;157.1938;-0.001417393;356.9255;149.7731;0.539962
18;39.829;0;0;Training_Ring_Only;381.4895;2.994534;-434.5245;381.6361;3.570039;-434.668;0.00020122;159.6859;-0.001408286;356.8424;152.8363;0.5186418
18;39.963;0;0;Training_Ring_Only;382.5834;2.99452;-437.6949;382.7234;3.569419;-437.8467;0.0002839048;162.8583;-0.001387512;357.2315;156.5394;0.4431241
18;40.098;0;0;Training_Ring_Only;383.4995;2.994501;-440.9482;383.6341;3.569157;-441.1058;0.0003659929;166.1735;-0.001369796;357.3918;158.5673;0.8020071
18;40.231;0;0;Training_Ring_Only;384.2291;2.994479;-444.1852;384.3581;3.569012;-444.3451;0.0004237591;168.6441;-0.001368665;357.3857;158.9439;1.020665
18;40.368;0;0;Training_Ring_Only;384.8664;2.994452;-447.5664;384.9901;3.569416;-447.7259;0.0004594036;170.1158;-0.001368635;357.0669;159.3232;0.8843417
18;40.499;0;0;Training_Ring_Only;385.4059;2.994426;-450.7842;385.5274;3.569545;-450.9408;0.0004789974;170.9257;-0.001363206;356.8075;158.5914;1.091033
18;40.633;0;0;Training_Ring_Only;385.9203;2.994397;-454.095;386.0399;3.570578;-454.2496;0.0004906876;171.464;-0.001361528;356.0792;157.9942;0.9714301
18;40.767;0;0;Training_Ring_Only;386.4099;2.994369;-457.4252;386.5286;3.571863;-457.5803;0.0005014641;171.877;-0.001360203;355.1878;157.5913;1.007947
18;40.901;0;0;Training_Ring_Only;386.8727;2.994339;-460.7295;386.9893;3.571824;-460.887;0.0005043529;172.1842;-0.001362455;355.1632;157.0807;0.818176
18;41.035;0;0;Training_Ring_Only;387.3308;2.99431;-464.051;387.4472;3.571323;-464.2103;0.0004975285;171.9467;-0.001363846;355.4168;155.772;0.5111103
18;41.169;0;0;Training_Ring_Only;387.8214;2.994281;-467.3703;387.9408;3.57184;-467.5305;0.000474412;170.9478;-0.001354155;355.2326;153.8301;0.3627243
18;41.303;0;0;Training_Ring_Only;388.3816;2.994254;-470.668;388.5056;3.572715;-470.8276;0.0004411092;169.4956;-0.001372424;354.9211;152.4516;0.03686394
18;41.437;0;0;Training_Ring_Only;389.0296;2.994229;-473.9641;389.1607;3.574483;-474.1201;0.0004060867;167.9935;-0.001393564;354.2039;151.2914;0.1539048
18;41.571;0;0;Training_Ring_Only;389.767;2.994207;-477.2245;389.9103;3.574001;-477.3731;0.0003626845;166.1134;-0.001387552;354.2052;148.2368;0.9767917
18;41.705;0;0;Training_Ring_Only;390.6241;2.994187;-480.4621;390.779;3.572771;-480.6033;0.0003074828;163.7876;-0.001380555;355.051;144.5541;1.735187
18;41.841;0;0;Training_Ring_Only;391.6298;2.99417;-483.7018;391.7923;3.572083;-483.8394;0.000252203;161.3428;-0.001382355;355.5534;143.7563;1.60924
18;41.975;0;0;Training_Ring_Only;392.7489;2.994156;-486.8613;392.9205;3.570771;-486.9971;0.0002029596;159.3646;-0.001381578;356.5716;145.1577;1.799181
18;42.109;0;0;Training_Ring_Only;393.9641;2.994145;-489.9747;394.1467;3.573011;-490.1086;0.0001668714;157.8887;-0.00138341;355.9998;147.2513;2.744069
18;42.245;0;0;Training_Ring_Only;395.2644;2.994136;-493.1298;395.4552;3.574187;-493.2688;0.0001539787;157.4534;-0.001381749;355.8995;149.4412;3.179271
18;42.377;0;0;Training_Ring_Only;396.5104;2.994127;-496.1717;396.7022;3.574196;-496.3239;0.0001771595;158.2998;-0.001378856;356.3672;152.4976;2.787011
18;42.512;0;0;Training_Ring_Only;397.7344;2.994115;-499.3372;397.923;3.570648;-499.5009;0.000216684;159.7481;-0.001380612;357.3107;154.5879;2.987466
18;42.645;0;0;Training_Ring_Only;398.824;2.994101;-502.4627;399.0007;3.57143;-502.641;0.000286631;162.6671;-0.001374288;355.7108;156.9569;3.727152
18;42.779;0;0;Training_Ring_Only;399.7016;2.994081;-505.6917;399.8575;3.570102;-505.901;0.0004207121;168.2936;-0.001325175;356.0231;162.7901;2.736147
18;42.913;0;0;Training_Ring_Only;400.2068;2.994053;-509.0056;400.3314;3.564083;-509.2472;0.000587882;175.7351;-0.00128276;0.2360546;171.0646;1.634717
18;43.047;0;0;Training_Ring_Only;400.2742;2.994015;-512.3527;400.3701;3.56653;-512.6072;0.0007469354;183.0308;-0.001203109;359.9362;178.0952;2.131362
18;43.180;0;0;Training_Ring_Only;399.949;2.993968;-515.6556;400.0273;3.570224;-515.9163;0.0008716404;188.8961;-0.001159518;359.8454;182.0286;2.789784
18;43.313;0;0;Training_Ring_Only;399.3314;2.993915;-518.9434;399.4038;3.57146;-519.2032;0.0009460762;192.587;-0.001126055;359.961;182.2775;2.230015
18;43.448;0;0;Training_Ring_Only;398.5656;2.993859;-522.2065;398.644;3.571185;-522.454;0.0009694835;193.6404;-0.001125423;0.08404373;181.6177;2.827501
18;43.582;0;0;Training_Ring_Only;397.7727;2.993802;-525.4637;397.8542;3.573316;-525.6976;0.0009754174;193.8104;-0.001123127;358.6987;180.2373;3.430966
18;43.716;0;0;Training_Ring_Only;396.9467;2.993744;-528.7073;397.0174;3.575525;-528.9266;0.001006306;195.3592;-0.0011053;357.9929;182.4004;4.376078
18;43.850;0;0;Training_Ring_Only;395.9823;2.993684;-531.9158;396.028;3.576779;-532.1198;0.001082611;199.1293;-0.001064957;356.7118;187.3392;3.84304
18;43.985;0;0;Training_Ring_Only;394.7404;2.993617;-535.0515;394.752;3.57814;-535.2478;0.001194655;205.2984;-0.0009476265;354.8412;195.8409;2.591956
18;44.118;0;0;Training_Ring_Only;393.188;2.993546;-537.999;393.1748;3.580931;-538.1976;0.001282442;210.9067;-0.0008214687;353.2324;202.6444;2.390542
18;44.252;0;0;Training_Ring_Only;391.3884;2.993469;-540.8213;391.3612;3.580186;-541.0323;0.001331532;214.3951;-0.0007563342;353.2672;204.1013;2.541363
18;44.473;0;0;Training_Ring_Only;388.2235;2.993341;-545.347;388.1825;3.578214;-545.5637;0.001368433;217.6425;-0.0006661487;354.3794;206.0844;2.359505
18;44.598;0;0;Training_Ring_Only;386.3054;2.993266;-547.8329;386.255;3.570217;-548.0619;0.001362649;217.746;-0.0006450004;357.8727;208.2973;1.520553
18;44.732;0;0;Training_Ring_Only;384.2319;2.993186;-550.4482;384.1682;3.571363;-550.6717;0.001392292;220.0355;-0.0006093025;356.7211;213.7939;2.017849
18;44.866;0;0;Training_Ring_Only;381.9796;2.993104;-552.9223;381.8866;3.574304;-553.1328;0.001452579;226.2245;-0.0004356523;355.3794;222.7787;1.511259
18;45.000;0;0;Training_Ring_Only;379.4226;2.993017;-555.0901;379.2968;3.57465;-555.2803;0.001501241;234.878;-0.0001910807;354.9646;234.2718;1.792957
18;45.134;0;0;Training_Ring_Only;376.5651;2.992929;-556.827;376.4133;3.573687;-556.9967;0.001524657;243.8931;4.815519E-05;355.4153;240.2355;1.693866
18;45.268;0;0;Training_Ring_Only;373.4863;2.99284;-558.1396;373.3248;3.571974;-558.296;0.001505088;250.3031;0.0002309695;355.7882;240.8013;1.286264
18;45.402;0;0;Training_Ring_Only;370.3111;2.992753;-559.213;370.1557;3.57102;-559.3652;0.001479525;251.8424;0.0002739709;356.3293;236.8796;0.9256011
18;45.536;0;0;Training_Ring_Only;367.1353;2.992665;-560.2993;366.9962;3.571093;-560.4536;0.001504107;249.4217;0.0002057384;355.9206;228.4557;0.2353224
18;45.670;0;0;Training_Ring_Only;364.0481;2.992578;-561.585;363.9348;3.570584;-561.7471;0.00149514;244.0525;8.281811E-05;355.6694;218.1334;0.3609604
18;45.804;0;0;Training_Ring_Only;361.1155;2.99249;-563.204;361.0299;3.574457;-563.3717;0.001486982;236.8126;-0.0001005736;353.7693;207.9572;0.4165924
18;45.938;0;0;Training_Ring_Only;358.4141;2.992404;-565.1851;358.3513;3.575266;-565.3605;0.0014687;229.5692;-0.0003022332;352.3084;200.9008;0.1461442
18;46.072;0;0;Training_Ring_Only;355.9733;2.992319;-567.4774;355.9277;3.575581;-567.6629;0.001420439;223.1313;-0.0004664162;352.3291;196.7977;0.617214
18;46.206;0;0;Training_Ring_Only;353.7816;2.992237;-570.0146;353.7493;3.574863;-570.2076;0.00137146;217.7726;-0.0006059399;353.0531;192.7747;0.4858334
18;46.340;0;0;Training_Ring_Only;351.8199;2.992158;-572.7324;351.7992;3.574301;-572.9296;0.001314306;213.2447;-0.0007120604;353.3172;190.2079;0.4491218
18;46.474;0;0;Training_Ring_Only;350.0646;2.992083;-575.574;350.0536;3.573919;-575.7738;0.001265084;209.7367;-0.0007713963;353.6811;188.2263;0.4615344
18;46.608;0;0;Training_Ring_Only;348.4628;2.99201;-578.5258;348.4599;3.573501;-578.7266;0.001226972;206.7808;-0.0008495972;354.1418;185.9033;0.30407
18;46.743;0;0;Training_Ring_Only;347.0062;2.991939;-581.5637;347.0124;3.573614;-581.765;0.001184012;204.0228;-0.0008797031;354.1279;184.0103;0.3086607
18;46.877;0;0;Training_Ring_Only;345.6998;2.99187;-584.6481;345.7164;3.573044;-584.85;0.001141801;201.5015;-0.0009128785;354.5996;181.8718;0.5092624
18;47.011;0;0;Training_Ring_Only;344.5268;2.991805;-587.7833;344.554;3.573472;-587.9839;0.001099374;199.112;-0.0009646001;354.6527;179.5497;0.6427487
18;47.145;0;0;Training_Ring_Only;343.4882;2.991741;-590.9731;343.5272;3.573778;-591.171;0.001051131;196.4138;-0.0010115;354.4848;176.5515;0.6807244
18;47.280;0;0;Training_Ring_Only;342.6063;2.991681;-594.2274;342.6584;3.57384;-594.4212;0.0009920902;193.364;-0.001036201;354.4702;172.9954;1.005502
18;47.414;0;0;Training_Ring_Only;341.9036;2.991624;-597.4971;341.9653;3.573522;-597.6863;0.0009375315;190.5408;-0.001062021;354.507;170.6699;1.216245
18;47.548;0;0;Training_Ring_Only;341.336;2.99157;-600.8033;341.3988;3.573139;-600.9896;0.000907799;188.9912;-0.001077057;354.7211;171.7314;1.179408
18;47.682;0;0;Training_Ring_Only;340.8065;2.991517;-604.1204;340.8613;3.573163;-604.3061;0.0009204593;189.6622;-0.001061412;354.5344;176.2696;1.058682
18;47.815;0;0;Training_Ring_Only;340.189;2.991462;-607.3842;340.2289;3.573214;-607.5718;0.0009747913;192.5485;-0.001039377;354.4645;182.7529;1.159376
18;47.949;0;0;Training_Ring_Only;339.3633;2.991404;-610.6285;339.385;3.573929;-610.8195;0.00105402;196.8688;-0.0009804707;354.1954;189.0368;0.846957
18;48.083;0;0;Training_Ring_Only;338.2808;2.99134;-613.8041;338.2865;3.573513;-613.9988;0.001132617;201.5417;-0.0008940548;354.3543;193.9509;0.7674624
18;48.217;0;0;Training_Ring_Only;336.9506;2.991272;-616.8777;336.9431;3.573123;-617.0739;0.00119392;205.9605;-0.0007978627;354.4586;197.7282;0.775951
18;48.352;0;0;Training_Ring_Only;335.3898;2.991201;-619.8441;335.3701;3.573242;-620.0378;0.001247379;210.2483;-0.0007070041;354.3683;201.6101;0.8333485
18;48.486;0;0;Training_Ring_Only;333.6146;2.991126;-622.6852;333.584;3.574018;-622.8745;0.001301515;214.4301;-0.0005982957;354.0297;205.364;1.064176
18;48.620;0;0;Training_Ring_Only;331.6351;2.991049;-625.3936;331.5925;3.573935;-625.5783;0.001335049;218.5588;-0.0004958494;353.9924;209.0402;1.042591
18;48.754;0;0;Training_Ring_Only;329.473;2.990971;-627.9528;329.4187;3.573836;-628.1335;0.001370803;222.4074;-0.0004324619;354.0286;212.6267;1.013634
18;48.887;0;0;Training_Ring_Only;327.158;2.99089;-630.362;327.095;3.574454;-630.54;0.001395043;225.7084;-0.000359355;353.9484;215.1776;0.9910625
18;49.022;0;0;Training_Ring_Only;324.7214;2.990808;-632.6624;324.6557;3.574146;-632.8399;0.001408012;227.6256;-0.0003321354;354.3049;215.2234;1.00705
18;49.156;0;0;Training_Ring_Only;322.2361;2.990726;-634.9195;322.1751;3.573875;-635.0997;0.001403498;227.4709;-0.000336321;354.398;211.8223;1.208688
18;49.290;0;0;Training_Ring_Only;319.8018;2.990644;-637.2126;319.7493;3.572395;-637.3954;0.00139644;225.446;-0.0003672936;355.0578;207.916;1.647267
18;49.424;0;0;Training_Ring_Only;317.4521;2.990562;-639.6055;317.4073;3.57284;-639.7903;0.001389495;223.263;-0.0004442086;354.7979;205.4605;1.596541
18;49.558;0;0;Training_Ring_Only;315.1822;2.990481;-642.0753;315.1416;3.572145;-642.2618;0.001364127;221.7719;-0.0004757554;355.1376;205.0596;1.892769
18;49.696;0;0;Training_Ring_Only;312.9358;2.9904;-644.6236;312.8948;3.572201;-644.8102;0.00136509;221.0227;-0.0004855387;355.022;205.1328;1.780627
18;49.828;0;0;Training_Ring_Only;310.7479;2.990321;-647.1521;310.7052;3.572118;-647.3382;0.001358654;220.6348;-0.0004918742;355.0287;205.2694;1.410567
18;49.961;0;0;Training_Ring_Only;308.5821;2.990242;-649.6938;308.5398;3.571953;-649.8803;0.001347014;220.1582;-0.0004938001;354.9736;204.9078;1.256426
18;50.095;0;0;Training_Ring_Only;306.4308;2.990163;-652.2608;306.3898;3.571486;-652.448;0.001351386;219.703;-0.0005040918;355.2824;203.6601;1.01971
18;50.229;0;0;Training_Ring_Only;304.3057;2.990085;-654.8409;304.2664;3.571243;-655.0297;0.001332247;219.1039;-0.0005065489;355.4613;202.7589;0.9093612
18;50.363;0;0;Training_Ring_Only;302.1992;2.990007;-657.4616;302.1637;3.571197;-657.6523;0.001336298;218.3336;-0.0005167046;355.4297;201.5598;1.177575
18;50.497;0;0;Training_Ring_Only;300.1396;2.989929;-660.0975;300.1069;3.571297;-660.2916;0.001334738;217.5421;-0.000550396;355.4101;200.2853;1.238774
18;50.631;0;0;Training_Ring_Only;298.111;2.989851;-662.7655;298.079;3.570737;-662.9625;0.001328125;216.8698;-0.0005554325;355.6581;200.2977;1.120396
18;50.765;0;0;Training_Ring_Only;296.1108;2.989773;-665.4519;296.0785;3.571465;-665.6501;0.001328196;216.4515;-0.0005734093;355.3379;200.5412;1.068973
18;50.899;0;0;Training_Ring_Only;294.1213;2.989695;-668.147;294.0849;3.573179;-668.3444;0.001330257;216.5417;-0.0005743552;354.1228;202.2279;0.7458176
18;51.033;0;0;Training_Ring_Only;292.1067;2.989617;-670.8332;292.0594;3.575081;-671.0288;0.001334978;217.498;-0.0005616539;352.6244;207.518;0.6205615
18;51.167;0;0;Training_Ring_Only;290.0351;2.989539;-673.4589;289.9721;3.575369;-673.6542;0.001360087;219.5938;-0.0005259049;351.2727;215.747;0.5444363
18;51.301;0;0;Training_Ring_Only;287.8437;2.989458;-675.9919;287.767;3.573519;-676.1887;0.001394528;222.8372;-0.0004553913;352.0501;220.2448;0.5264657
18;51.436;0;0;Training_Ring_Only;285.4939;2.989376;-678.3885;285.4027;3.57202;-678.5831;0.001428442;226.7507;-0.0003646898;352.7343;223.7332;0.9574094
18;51.569;0;0;Training_Ring_Only;282.9915;2.989291;-680.6081;282.8841;3.572328;-680.7953;0.001448651;230.7901;-0.0002722381;352.5387;227.6354;0.5833375
18;51.703;0;0;Training_Ring_Only;280.3345;2.989206;-682.6503;280.2107;3.571294;-682.8283;0.001470279;234.754;-0.0001924096;353.031;232.2187;359.7753
18;51.839;0;0;Training_Ring_Only;277.5164;2.989119;-684.5262;277.3823;3.571178;-684.6974;0.001481237;238.5401;-0.0001014529;352.9319;235.4284;0.1703189
18;51.972;0;0;Training_Ring_Only;274.645;2.989033;-686.1829;274.5042;3.57092;-686.3478;0.001483055;242.0277;-1.367539E-05;353.2898;236.5101;0.3080306
18;52.105;0;0;Training_Ring_Only;271.6551;2.988947;-687.6851;271.5104;3.571541;-687.8455;0.001480725;244.9534;5.737099E-05;353.2311;236.9073;0.1311532
18;52.239;0;0;Training_Ring_Only;268.5968;2.988861;-689.0598;268.4527;3.571361;-689.2211;0.001470546;246.69;0.0001156591;353.3626;235.4735;0.1621205
18;52.374;0;0;Training_Ring_Only;265.5156;2.988774;-690.3786;265.3783;3.571366;-690.546;0.001468098;246.6127;0.000108471;353.4473;231.1853;0.8512137
18;52.508;0;0;Training_Ring_Only;262.4505;2.988688;-691.7469;262.3244;3.570615;-691.9232;0.00148161;244.6069;5.362151E-05;353.791;224.5316;0.9273428
18;52.643;0;0;Training_Ring_Only;259.4338;2.9886;-693.27;259.3221;3.570447;-693.4576;0.001491626;241.0706;-4.046295E-05;353.6781;217.6893;1.0674
18;52.776;0;0;Training_Ring_Only;256.5795;2.988514;-694.9543;256.4814;3.570147;-695.1526;0.001482953;237.2049;-0.000128747;354.0132;212.5376;1.1017
18;52.910;0;0;Training_Ring_Only;253.8048;2.988428;-696.8474;253.7169;3.570046;-697.053;0.001467845;233.7368;-0.0002006371;354.1971;209.3932;1.403031
18;53.044;0;0;Training_Ring_Only;251.1533;2.988343;-698.8822;251.0723;3.570085;-699.091;0.001439159;230.8317;-0.0002516213;353.932;207.9824;1.02651
18;53.178;0;0;Training_Ring_Only;248.5971;2.98826;-701.0532;248.5245;3.570358;-701.2648;0.001423516;227.9547;-0.0003107221;353.8655;206.1189;0.9491722
18;53.312;0;0;Training_Ring_Only;246.1622;2.988177;-703.3528;246.0998;3.569869;-703.5665;0.001404702;224.7566;-0.0004135465;354.4628;203.8298;0.7421977
18;53.446;0;0;Training_Ring_Only;243.8547;2.988095;-705.7878;243.8014;3.57112;-706.0022;0.001386676;221.7656;-0.0005027699;353.9937;201.9274;0.8670446
18;53.580;0;0;Training_Ring_Only;241.6647;2.988015;-708.3251;241.6177;3.571467;-708.5407;0.001371423;219.6357;-0.0005541745;353.9032;200.8111;0.7935055
18;53.714;0;0;Training_Ring_Only;239.5577;2.987935;-710.927;239.5156;3.570337;-711.1443;0.001348808;218.1596;-0.000572888;354.671;200.393;0.9147466
18;53.848;0;0;Training_Ring_Only;237.5141;2.987857;-713.5827;237.477;3.566929;-713.8025;0.001336281;216.7596;-0.0005947334;356.9449;198.9508;1.070598
18;53.982;0;0;Training_Ring_Only;235.5411;2.987779;-716.2823;235.5072;3.548392;-716.5086;0.001329969;215.3382;-0.0006430631;9.501119;198.1765;1.476556
18;54.116;0;0;Training_Ring_Only;233.6218;2.987701;-719.0405;233.5908;3.527523;-719.2748;0.001321221;214.2859;-0.0006513915;21.34657;197.8258;1.625815
18;54.251;0;0;Training_Ring_Only;231.7371;2.987624;-721.8162;231.705;3.522852;-722.0538;0.001320774;214.1971;-0.0006508945;23.57714;199.0729;1.871731
18;54.384;0;0;Training_Ring_Only;229.8491;2.987547;-724.5751;229.8157;3.524175;-724.8102;0.001320005;214.6706;-0.0006389664;23.1164;199.6723;1.745791
18;54.518;0;0;Training_Ring_Only;227.9321;2.987469;-727.3268;227.8994;3.522535;-727.5599;0.001324812;215.0852;-0.0006372498;23.93547;199.1626;1.628954
18;54.652;0;0;Training_Ring_Only;226.0022;2.987392;-730.06;225.9697;3.523802;-730.2918;0.001325369;215.4166;-0.0006266767;23.21103;198.2232;1.740057
18;54.786;0;0;Training_Ring_Only;224.0523;2.987314;-732.792;224.0181;3.527636;-733.0208;0.001325884;215.6119;-0.0006321339;21.17113;198.3566;1.185542
18;54.920;0;0;Training_Ring_Only;222.1003;2.987237;-735.5118;222.0659;3.528698;-735.7394;0.001325633;215.7763;-0.0006231913;20.43904;199.2946;1.04498
18;55.054;0;0;Training_Ring_Only;220.1347;2.987159;-738.2239;220.1003;3.528491;-738.4531;0.001330139;216.2105;-0.0006205455;20.49176;199.9024;1.226877
18;55.189;0;0;Training_Ring_Only;218.127;2.987081;-740.9369;218.0896;3.528749;-741.1656;0.001331539;216.973;-0.0006048563;20.366;201.3356;1.398773
18;55.322;0;0;Training_Ring_Only;216.1062;2.987003;-743.5834;216.0618;3.527325;-743.8121;0.001340104;217.9352;-0.0005849921;21.14328;203.4018;1.597012
18;55.458;0;0;Training_Ring_Only;214.0078;2.986924;-746.233;213.955;3.525147;-746.463;0.001349259;219.009;-0.0005420372;22.13917;205.118;1.466001
18;55.591;0;0;Training_Ring_Only;211.8866;2.986845;-748.8145;211.8268;3.522109;-749.0474;0.001366761;219.8883;-0.0005273538;23.43176;205.9904;1.109681
18;55.726;0;0;Training_Ring_Only;209.7231;2.986764;-751.382;209.6595;3.517851;-751.6167;0.001371854;220.4178;-0.0005167515;25.44624;206.6715;1.287398
18;55.860;0;0;Training_Ring_Only;207.5426;2.986684;-753.9227;207.4758;3.517316;-754.159;0.001380469;220.9782;-0.0005111419;25.69594;207.0268;1.350207
18;55.993;0;0;Training_Ring_Only;205.3433;2.986603;-756.4269;205.2702;3.517572;-756.6606;0.001381423;221.7858;-0.0004982625;25.68258;209.354;1.425974
18;56.127;0;0;Training_Ring_Only;203.0887;2.986522;-758.9118;203.004;3.518331;-759.1401;0.001398781;222.8976;-0.0004830016;25.28959;215.0265;2.569602
18;56.261;0;0;Training_Ring_Only;200.7829;2.986439;-761.3424;200.6898;3.524532;-761.5656;0.001421013;224.3905;-0.0004574524;21.80789;217.464;2.040415
18;56.398;0;0;Training_Ring_Only;198.3647;2.986354;-763.7516;198.2661;3.536858;-763.9689;0.001438662;226.122;-0.0004345817;14.76734;219.0869;1.298756
18;56.529;0;0;Training_Ring_Only;195.9706;2.986271;-765.9993;195.8686;3.54054;-766.211;0.001449277;227.7567;-0.0004123385;12.78744;220.9004;1.557346
18;56.663;0;0;Training_Ring_Only;193.4627;2.986186;-768.2225;193.357;3.545265;-768.4293;0.001458322;229.4108;-0.000386007;9.929219;222.276;1.48996
18;56.797;0;0;Training_Ring_Only;190.8948;2.986101;-770.3676;190.7853;3.550517;-770.5686;0.001467097;231.1459;-0.0003623172;6.935856;223.9889;1.311213
18;56.931;0;0;Training_Ring_Only;188.2575;2.986015;-772.4356;188.1441;3.553598;-772.6312;0.001483371;232.9584;-0.0003373677;4.935118;225.1341;1.240297
18;57.065;0;0;Training_Ring_Only;185.5605;2.985928;-774.4203;185.4442;3.555822;-774.6119;0.001508717;234.508;-0.0003036829;3.710413;225.6049;1.098836
18;57.200;0;0;Training_Ring_Only;182.7905;2.985838;-776.3668;182.6751;3.557367;-776.5575;0.001518059;235.2964;-0.0002949302;2.647503;225.8879;0.9292799
18;57.333;0;0;Training_Ring_Only;180.0621;2.985751;-778.2542;179.9526;3.558888;-778.447;0.00150821;235.1841;-0.0002994304;1.551946;224.0973;1.043599
18;57.467;0;0;Training_Ring_Only;177.3186;2.985662;-780.183;177.2173;3.560714;-780.3768;0.001506259;234.4649;-0.0003131121;0.3147775;221.8107;1.494755
18;57.601;0;0;Training_Ring_Only;174.5953;2.985574;-782.1403;174.499;3.562785;-782.3341;0.001505796;234.1835;-0.0003153283;358.9067;220.1511;1.835863
18;57.735;0;0;Training_Ring_Only;171.8763;2.985486;-784.0962;171.7812;3.563389;-784.2894;0.001511271;234.4656;-0.0003045023;358.4262;219.5154;1.996166
18;57.869;0;0;Training_Ring_Only;169.1481;2.985398;-786.0308;169.0518;3.563697;-786.2225;0.001512513;234.9319;-0.0002982724;358.2983;219.4316;1.833505
18;58.003;0;0;Training_Ring_Only;166.3941;2.98531;-787.9506;166.2961;3.563596;-788.1398;0.00151523;235.3938;-0.0002912953;358.4324;219.515;1.735525
18;58.137;0;0;Training_Ring_Only;163.6284;2.985221;-789.8423;163.5285;3.563825;-790.0287;0.001522911;235.9866;-0.0002836992;358.3623;219.4317;1.645447
18;58.271;0;0;Training_Ring_Only;160.8451;2.985132;-791.7007;160.7429;3.563339;-791.8853;0.001522779;236.6534;-0.0002680806;358.5153;219.3549;1.344894
