SubjectId;Timestamp;Round;FeedbackType;PlayerXPos;PlayerYPos;PlayerZPos;HorizontalPlayerRot;VerticalPlayerRot;HorizontalHmdRot;VerticalHmdRot
28;0.024;0;Practice;6.68937;15.04592;87.84795;0.1894603;348.9961;336.2178;353.0815
28;0.249;0;Practice;6.703196;15.90706;92.27604;359.9877;348.9972;316.9045;352.099
28;0.380;0;Practice;6.685076;16.40397;94.83217;358.811;349.0063;315.3022;352.4659
28;0.513;0;Practice;6.601529;16.91166;97.44569;357.2599;349.0251;315.2544;352.4175
28;0.647;0;Practice;6.447872;17.42414;100.0842;355.8914;349.0483;316.9787;352.7596
28;0.781;0;Practice;6.245256;17.93303;102.6968;355.0585;349.0654;322.1881;352.614
28;0.915;0;Practice;6.01354;18.446;105.319;354.6592;349.0744;327.4541;352.3132
28;1.049;0;Practice;5.768054;18.96225;107.9438;354.4843;349.0785;332.9366;352.0725
28;1.183;0;Practice;5.516472;19.47919;110.5663;354.4227;349.0799;335.4069;352.559
28;1.317;0;Practice;5.262058;19.99628;113.1838;354.368;349.0812;340.4293;353.5341
28;1.451;0;Practice;5.001996;20.51682;115.8112;354.162;349.0863;353.4549;354.4791
28;1.586;0;Practice;4.731257;21.03781;118.4424;353.8627;349.0939;1.683247;354.8569
28;1.719;0;Practice;4.454327;21.55412;121.0533;353.8883;349.0932;2.004602;356.532
28;1.853;0;Practice;4.194267;22.07225;123.678;355.0443;349.0657;1.618798;357.2588
28;1.987;0;Practice;4.016622;22.59147;126.3121;357.8174;349.0175;356.7115;355.3941
28;2.121;0;Practice;3.986524;23.11154;128.9515;1.454384;348.9923;325.7385;352.6459
28;2.255;0;Practice;4.125299;23.62975;131.5812;5.089303;349.0103;312.8767;355.0189
28;2.390;0;Practice;4.42078;24.14749;134.2079;7.997708;349.0558;315.745;353.7906
28;2.523;0;Practice;4.819325;24.66084;136.8126;9.341427;349.0862;320.8232;354.0181
28;2.657;0;Practice;5.255662;25.17165;139.4063;9.779838;349.0974;344.9646;355.602
28;2.792;0;Practice;5.712447;25.68297;142.0049;10.22488;349.1093;4.607816;356.3625
28;2.926;0;Practice;6.19373;26.19517;144.6084;10.96795;349.1308;10.35217;357.6613
28;3.061;0;Practice;6.735579;26.70327;147.1922;13.4883;349.2168;11.25307;358.2405
28;3.195;0;Practice;7.41327;27.20384;149.735;16.74498;349.3581;12.01189;358.7778
28;3.329;0;Practice;8.202745;27.69947;152.2505;17.67614;349.4048;10.1597;359.3477
28;3.463;0;Practice;8.975921;28.19592;154.772;15.66997;349.3077;4.839067;359.2669
28;3.597;0;Practice;9.610961;28.69892;157.3324;10.87734;349.1281;357.6152;359.863
28;3.731;0;Practice;9.968958;29.20849;159.9362;3.030524;348.9948;350.4526;0.005006475
28;3.865;0;Practice;9.930532;29.72072;162.5666;353.7897;349.0958;344.1835;359.8499
28;4.011;0;Practice;9.490936;30.22922;165.1909;346.6147;349.3653;340.936;0.4581941
28;4.125;0;Practice;8.880137;30.68321;167.5409;344.7928;349.46;342.3715;0.009186338
28;4.267;0;Practice;8.186621;31.20965;170.2661;348.2448;349.2895;354.6863;359.3485
28;4.401;0;Practice;7.789111;31.71464;172.8726;356.2459;349.0417;7.558131;358.8281
28;4.535;0;Practice;7.813876;32.22619;175.5002;6.738683;349.0327;18.49107;359.5128
28;4.669;0;Practice;8.314822;32.73101;178.0792;16.55231;349.3488;25.9708;0.2572689
28;4.803;0;Practice;9.204333;33.21946;180.5623;23.46301;349.7557;28.22198;0.4538015
28;4.937;0;Practice;10.31641;33.69054;182.9494;26.20929;349.9587;25.45315;0.5907286
28;5.071;0;Practice;11.46291;34.15982;185.3265;24.118;349.802;18.22769;3.327108
28;5.205;0;Practice;12.43986;34.64127;187.7716;17.76677;349.4094;8.519753;10.87084
28;5.339;0;Practice;13.09268;35.1412;190.3218;9.483089;349.0897;359.7165;16.29614
28;5.476;0;Practice;13.38389;35.65857;192.9729;2.159345;348.9924;354.4035;15.78966
28;5.608;0;Practice;13.38527;36.16487;195.576;357.5533;349.0209;352.9473;14.74122
28;5.743;0;Practice;13.2284;36.67663;198.2122;355.847;349.0491;355.285;12.72986
28;5.875;0;Practice;13.0586;37.18055;200.8086;357.5065;349.0216;0.3940291;11.00022
28;6.009;0;Practice;13.02534;37.69156;203.4373;2.203583;348.9924;7.762922;12.03979
28;6.145;0;Practice;13.24337;38.20817;206.0872;8.202108;349.0601;13.80433;11.45052
28;6.277;0;Practice;13.72267;38.7085;208.6455;13.8682;349.2314;19.19696;9.346453
28;6.411;0;Practice;14.4434;39.20332;211.168;18.48293;349.4473;22.60895;6.467654
28;6.556;0;Practice;15.4031;39.73008;213.8475;20.92917;349.5891;23.13079;3.742679
28;6.679;0;Practice;16.28192;40.17439;216.1056;21.57789;349.6299;22.36546;1.638891
28;6.813;0;Practice;17.26114;40.65694;218.5573;22.04832;349.6602;22.80524;0.6634481
28;6.947;0;Practice;18.2615;41.13712;220.9962;22.71925;349.7047;23.36168;0.09651697
28;7.081;0;Practice;19.30505;41.61666;223.4304;24.063;349.7981;25.19047;359.5809
28;7.214;0;Practice;20.41178;42.08571;225.8091;26.37512;349.9716;28.69777;359.4994
28;7.349;0;Practice;21.63446;42.5484;228.1512;29.24076;350.2092;32.25531;359.677
28;7.483;0;Practice;22.97417;42.99991;230.4322;32.06218;350.4669;34.86628;359.4707
28;7.617;0;Practice;24.422;43.43832;232.6428;34.82558;350.7418;36.47415;359.4548
28;7.751;0;Practice;25.97871;43.8658;234.7938;37.26976;351.0029;37.54452;359.252
28;7.886;0;Practice;27.61678;44.28239;236.8862;39.05556;351.2041;38.04035;359.1081
28;8.020;0;Practice;29.30366;44.68967;238.9294;39.93793;351.3067;37.03072;359.0771
28;8.155;0;Practice;31.00223;45.09816;240.9784;38.88379;351.1844;34.4476;359.2053
28;8.289;0;Practice;32.62977;45.5126;243.0635;36.44165;350.9125;31.59578;358.5956
28;8.422;0;Practice;34.15555;45.93859;245.211;33.52397;350.6096;26.79164;356.1345
28;8.556;0;Practice;35.57842;46.38058;247.443;30.51033;350.3222;23.06672;356.0898
28;8.691;0;Practice;36.895;46.83638;249.7484;27.99414;350.1028;23.92397;356.8149
28;8.824;0;Practice;38.11853;47.29438;252.0667;26.8737;350.0112;28.10091;357.3423
28;8.958;0;Practice;39.33152;47.75801;254.4085;27.327;350.0478;31.24174;357.4944
28;9.095;0;Practice;40.6077;48.22565;256.7652;29.58171;350.239;35.39555;358.1557
28;9.226;0;Practice;41.96473;48.66685;258.9825;33.90182;350.6474;41.76947;358.8304
28;9.363;0;Practice;43.56566;49.10014;261.1517;39.68636;351.2772;47.45082;359.8466
28;9.495;0;Practice;45.3077;49.48786;263.0825;45.03465;351.9396;50.58273;359.9806
28;9.629;0;Practice;47.25354;49.85312;264.8921;49.78527;352.5884;51.43528;1.50168
28;9.762;0;Practice;49.33394;50.18813;266.5425;53.95915;353.2017;49.82487;3.120259
28;9.897;0;Practice;51.5245;50.4992;268.0667;56.72173;353.6285;47.62668;4.090903
28;10.044;0;Practice;53.99811;50.82405;269.6524;58.36655;353.8899;46.0246;5.483313
28;10.189;0;Practice;56.45222;51.13032;271.1438;59.59209;354.0882;44.51533;4.167607
28;10.321;0;Practice;58.72144;51.40383;272.4745;60.60192;354.2537;46.47581;5.635034
28;10.456;0;Practice;61.04699;51.67275;273.7801;61.49172;354.401;48.1278;6.243349
28;10.592;0;Practice;63.42269;51.93998;275.074;62.19479;354.5185;48.5341;3.017017
28;10.723;0;Practice;65.73322;52.19314;276.2975;63.16911;354.6826;50.52894;2.460289
28;10.857;0;Practice;68.11748;52.44376;277.5096;63.86567;354.801;51.61416;2.140702
28;10.993;0;Practice;70.51474;52.69629;278.7305;62.29019;354.5345;50.56099;1.859333
28;11.126;0;Practice;72.82523;52.96477;280.0363;58.0412;353.8378;46.03178;1.24907
28;11.260;0;Practice;75.01844;53.26962;281.534;52.22818;352.9427;41.86739;0.006117075
28;11.394;0;Practice;77.06585;53.61309;283.2346;47.26677;352.2377;40.19851;358.7276
28;11.528;0;Practice;78.99177;53.97932;285.0547;44.98448;351.9331;40.70986;357.7415
28;11.664;0;Practice;80.91144;54.35932;286.9382;45.28338;351.9723;44.73621;351.4138
28;11.878;0;Practice;83.95579;54.94991;289.8478;47.81943;352.3134;54.52014;326.4269
28;12.019;0;Practice;86.06054;55.33026;291.7187;49.75628;352.5843;55.5549;324.6828
28;12.153;0;Practice;88.09416;55.67872;293.4312;51.58502;352.8481;56.36456;325.2387
28;12.289;0;Practice;90.19733;56.01993;295.1032;53.42975;353.1218;58.53447;326.0106
28;12.420;0;Practice;92.27061;56.33947;296.6623;55.02662;353.3647;61.36935;325.9026
28;12.554;0;Practice;94.42767;56.6556;298.2038;56.56668;353.6042;62.73429;325.8835
28;12.689;0;Practice;96.64102;56.96407;299.707;57.9613;353.8251;63.29238;327.165
28;12.824;0;Practice;98.87038;57.26226;301.1587;58.95847;353.9854;61.70958;332.8464
28;12.958;0;Practice;101.1272;57.55522;302.5826;59.70931;354.1074;58.0384;351.3547
28;13.091;0;Practice;103.3519;57.83805;303.9536;60.26871;354.1989;54.57632;1.643803
28;13.225;0;Practice;105.6309;58.12077;305.3173;61.34102;354.376;56.54544;3.870261
28;13.363;0;Practice;108.0104;58.40161;306.6623;63.53008;354.7439;60.31769;3.600903
28;13.502;0;Practice;110.2988;58.64626;307.8246;66.36362;355.2321;64.24655;3.689018
28;13.627;0;Practice;112.7228;58.87533;308.9014;69.21735;355.7361;66.59956;3.737355
28;13.764;0;Practice;115.2552;59.08694;309.8828;71.4346;356.1356;67.54588;3.704879
28;13.896;0;Practice;117.7086;59.27806;310.7534;72.12974;356.2621;66.78756;3.562061
28;14.029;0;Practice;120.2013;59.47087;311.6264;71.18371;356.0901;64.45541;3.542349
28;14.163;0;Practice;122.696;59.67432;312.559;69.12201;355.7191;61.72518;3.155524
28;14.300;0;Practice;125.1956;59.89614;313.5906;66.9762;355.3393;60.39828;2.877075
28;14.433;0;Practice;127.6126;60.12643;314.6712;65.56887;355.0938;60.29832;2.973779
28;14.568;0;Practice;130.0329;60.36549;315.7958;65.09261;355.0115;61.71125;2.845829
28;14.700;0;Practice;132.4224;60.60229;316.9052;65.62591;355.1037;64.02371;3.08038
28;14.836;0;Practice;134.8857;60.83805;318.0052;67.08015;355.3575;66.67709;3.536978
28;14.971;0;Practice;137.3586;61.06;319.032;68.94917;355.6882;68.71692;3.947101
28;15.104;0;Practice;139.8349;61.26371;319.972;70.59512;355.9836;69.25112;4.491968
28;15.246;0;Practice;142.3263;61.45689;320.8547;71.62026;356.1693;69.17596;4.364668
28;15.371;0;Practice;144.8438;61.64484;321.713;71.86913;356.2146;68.53315;3.939044
28;15.505;0;Practice;147.3892;61.83395;322.578;71.41428;356.1319;66.64731;3.487556
28;15.638;0;Practice;149.8877;62.02475;323.4625;69.82369;355.8447;64.38483;3.481194
28;15.774;0;Practice;152.3967;62.23226;324.4378;67.71524;355.4693;62.39354;3.216446
28;15.907;0;Practice;154.8263;62.45056;325.4755;65.85963;355.1443;60.57459;3.054629
28;16.042;0;Practice;157.2642;62.68601;326.6041;64.17256;354.8535;59.74593;2.715109
28;16.175;0;Practice;159.6515;62.93076;327.7831;63.0472;354.662;59.08287;2.556904
28;16.308;0;Practice;161.9998;63.18078;328.9914;62.25768;354.5291;58.22198;2.585782
28;16.442;0;Practice;164.3509;63.44033;330.2493;61.12141;354.3395;56.58809;2.484215
28;16.577;0;Practice;166.6877;63.71209;331.5712;59.45521;354.0659;54.43705;2.179823
28;16.711;0;Practice;168.9499;63.99345;332.9453;57.67534;353.7794;53.00002;1.676307
28;16.844;0;Practice;171.1787;64.28741;334.3859;56.42104;353.5813;52.44865;1.665951
28;16.978;0;Practice;173.3879;64.58961;335.8697;55.73627;353.4745;52.79066;2.087834
28;17.114;0;Practice;175.6189;64.89944;337.3925;55.72006;353.4719;53.65911;4.479683
28;17.246;0;Practice;177.7901;65.19809;338.8599;56.29693;353.5618;55.2117;16.9774
28;17.381;0;Practice;180.023;65.49794;340.3321;57.018;353.6752;55.62793;28.60631
28;17.514;0;Practice;182.2576;65.78963;341.7623;57.93638;353.821;56.90133;27.25863
28;17.649;0;Practice;184.5422;66.07612;343.1645;59.25108;354.0327;57.47779;22.54367
28;17.782;0;Practice;186.8331;66.34879;344.4954;60.6186;354.2564;56.95429;16.62343
28;17.916;0;Practice;189.1675;66.61375;345.7855;61.51458;354.4049;55.9777;13.12811
28;18.050;0;Practice;191.5122;66.87527;347.0576;61.28068;354.366;54.91623;11.49759
28;18.185;0;Practice;193.8434;67.14205;348.3575;60.1176;354.1741;53.35943;8.908231
28;18.319;0;Practice;196.1401;67.41994;349.7161;58.2261;353.8675;52.16183;7.120726
28;18.462;0;Practice;198.3808;67.71402;351.1595;55.70196;353.4691;50.51394;5.654122
28;18.587;0;Practice;200.5559;68.02689;352.7017;53.28121;353.0995;49.21459;4.045244
28;18.721;0;Practice;202.6609;68.35394;354.319;51.4197;352.8239;48.59378;3.25694
28;18.855;0;Practice;204.7308;68.69395;356.0039;50.22171;352.6507;48.99473;3.049572
28;18.989;0;Practice;206.7689;69.03744;357.7078;50.2572;352.6558;50.5325;3.749464
28;19.123;0;Practice;208.8229;69.37404;359.3761;52.2198;352.9415;53.32896;4.323294
28;19.257;0;Practice;210.9632;69.69408;360.9565;55.57508;353.4495;56.62204;4.927751
28;19.392;0;Practice;213.2266;69.99265;362.4229;59.0311;353.9972;59.36475;5.616946
28;19.525;0;Practice;215.5143;70.2619;363.7377;61.3593;354.3791;59.8357;5.923892
28;19.659;0;Practice;217.8609;70.52117;364.9992;61.94083;354.4761;57.8175;5.704224
28;19.793;0;Practice;220.2108;70.78188;366.2688;60.76;354.2799;54.57133;4.963902
28;19.927;0;Practice;222.5133;71.05575;367.6076;57.84389;353.8064;50.74025;4.227689
28;20.061;0;Practice;224.724;71.355;369.0797;53.5336;353.1376;45.75312;3.509509
28;20.195;0;Practice;226.8164;71.68597;370.7184;49.16774;352.5011;41.90798;2.999481
28;20.329;0;Practice;228.7898;72.04362;372.4981;45.84755;352.0468;40.47224;2.603182
28;20.464;0;Practice;230.6776;72.41835;374.3682;44.13788;351.8235;40.73052;2.6003
28;20.597;0;Practice;232.5257;72.79729;376.2615;44.19276;351.8306;42.68771;2.529827
28;20.732;0;Practice;234.3989;73.17409;378.1433;45.46929;351.9968;45.37781;2.946493
28;20.865;0;Practice;236.3186;73.54061;379.9711;47.57264;352.2795;48.30294;3.322824
28;20.999;0;Practice;238.3118;73.89198;381.7188;50.32288;352.6652;50.64451;3.425928
28;21.133;0;Practice;240.3892;74.22656;383.3778;52.79232;353.0264;52.02478;3.42057
28;21.268;0;Practice;242.5301;74.54819;384.9685;54.21613;353.2409;52.12833;3.08972
28;21.402;0;Practice;244.6942;74.86304;386.5241;54.59134;353.2981;51.50283;2.486882
28;21.536;0;Practice;246.8585;75.17705;388.0787;54.1018;353.2235;50.71501;2.122416
28;21.669;0;Practice;248.9914;75.49156;389.6429;53.01741;353.0601;49.59096;1.916201
28;21.806;0;Practice;251.1457;75.8206;391.2823;51.68987;352.8635;48.4472;1.567876
28;21.940;0;Practice;253.2267;76.15104;392.9299;50.54906;352.6978;48.0063;1.354783
28;22.072;0;Practice;255.2526;76.48252;394.5848;49.7282;352.5804;48.03498;1.208368
28;22.206;0;Practice;257.3003;76.82294;396.2872;49.44674;352.5404;48.42371;1.247205
28;22.342;0;Practice;259.3698;77.16664;398.0122;49.62471;352.5656;48.99603;1.222084
28;22.474;0;Practice;261.3865;77.50114;399.6885;49.98571;352.617;49.37147;1.269557
28;22.608;0;Practice;263.431;77.83875;401.3774;50.41444;352.6784;49.98094;1.300758
28;22.744;0;Practice;265.515;78.18018;403.0836;50.89441;352.7477;50.28304;1.53814
28;22.876;0;Practice;267.5636;78.51215;404.7401;51.42018;352.8241;50.6857;1.439633
28;23.010;0;Practice;269.6346;78.84415;406.3949;51.82944;352.884;51.06195;1.49788
28;23.146;0;Practice;271.7554;79.18169;408.0748;52.12064;352.9268;51.17432;1.658007
28;23.278;0;Practice;273.8109;79.50729;409.6941;52.424;352.9717;51.29557;1.807039
28;23.412;0;Practice;275.9034;79.8371;411.3299;52.68585;353.0106;51.11177;1.776093
28;23.548;0;Practice;278.0265;80.17137;412.9832;52.61055;352.9994;50.47512;1.814524
28;23.680;0;Practice;280.0942;80.50068;414.6073;51.91055;352.8959;49.28425;1.454343
28;23.814;0;Practice;282.1689;80.83998;416.2735;50.76521;352.7289;48.04408;1.091842
28;23.950;0;Practice;284.2435;81.19164;417.995;49.43866;352.5393;47.02256;0.9576986
28;24.083;0;Practice;286.2359;81.54125;419.7049;48.47097;352.4035;46.80497;0.828061
28;24.217;0;Practice;288.2371;81.90062;421.4542;48.03797;352.3435;47.14955;0.8159533
28;24.353;0;Practice;290.2601;82.26816;423.2341;47.99682;352.3378;47.83008;1.1601
28;24.485;0;Practice;292.2345;82.62657;424.9683;48.40165;352.3939;48.67504;1.31205
28;24.619;0;Practice;294.2385;82.98486;426.7033;49.06684;352.4869;49.37288;1.294337
28;24.754;0;Practice;296.2857;83.34419;428.4443;49.59234;352.561;49.75432;1.308432
28;24.887;0;Practice;298.2934;83.69254;430.1313;49.87429;352.6011;49.71973;1.412171
28;25.020;0;Practice;300.3176;84.04182;431.8246;49.95235;352.6122;49.88066;1.583853
28;25.156;0;Practice;302.3847;84.3977;433.5539;49.97577;352.6155;50.3762;1.771539
28;25.288;0;Practice;304.3933;84.74231;435.2302;50.1961;352.647;53.00625;1.287456
28;25.399;0;Practice;306.1046;85.03176;436.6391;51.1357;352.7826;56.88505;5.509018
28;25.534;0;Practice;308.195;85.3698;438.2834;52.98721;353.0555;57.62497;9.389138
28;25.668;0;Practice;310.3414;85.69375;439.857;55.12224;353.3795;65.66778;354.1456
28;25.805;0;Practice;312.5913;86.00754;441.3765;57.69168;353.782;68.75252;335.6065
28;25.936;0;Practice;314.8233;86.28871;442.7354;60.58642;354.2512;71.07703;328.2817
28;26.070;0;Practice;317.1594;86.55245;444.0023;63.43957;354.7286;69.05495;327.4078
28;26.206;0;Practice;319.5921;86.80013;445.1847;65.51384;355.0844;68.88676;328.4536
28;26.338;0;Practice;321.9808;87.02942;446.2774;66.01813;355.1719;68.16452;334.7446
28;26.472;0;Practice;324.4164;87.26185;447.3867;65.21498;355.0327;67.69785;350.3319
28;26.608;0;Practice;326.8567;87.50581;448.5567;63.75053;354.7815;61.81629;357.7236
28;26.741;0;Practice;329.221;87.75632;449.764;62.35891;354.5461;58.20192;2.839424
28;26.874;0;Practice;331.5456;88.01427;451.0121;61.5108;354.4043;57.71782;1.739362
28;27.011;0;Practice;333.9337;88.28398;452.3198;61.46142;354.3961;58.32706;1.72346
28;27.143;0;Practice;336.2427;88.54424;453.5821;61.37692;354.382;58.4031;2.333273
28;27.278;0;Practice;338.5938;88.81295;454.8874;60.41773;354.2234;57.31277;1.634457
28;27.413;0;Practice;340.9039;89.09238;456.2496;58.08376;353.8446;52.99957;0.7239446
28;27.545;0;Practice;343.1008;89.38707;457.6944;54.81976;353.333;47.22333;359.1975
28;27.679;0;Practice;345.2376;89.70823;459.2777;52.01265;352.9109;30.30653;353.5193
28;27.817;0;Practice;347.3594;90.05082;460.9719;51.0703;352.773;354.3411;350.9454
28;27.947;0;Practice;349.3881;90.37979;462.5997;51.83004;352.884;347.8513;350.879
28;28.081;0;Practice;351.4899;90.70985;464.231;52.60086;352.9979;351.4897;350.621
28;28.217;0;Practice;353.628;91.04205;465.8722;52.24545;352.9452;356.0637;350.2696
28;28.351;0;Practice;355.7106;91.37231;467.5055;51.52499;352.8392;357.0805;349.7866
28;28.484;0;Practice;357.771;91.70599;469.1573;51.0502;352.7701;358.1297;349.8044
28;28.620;0;Practice;359.8641;92.04964;470.8596;50.72849;352.7235;0.06395257;349.3207
28;28.752;0;Practice;361.8904;92.38563;472.5245;50.46998;352.6862;2.900224;348.9224
28;28.887;0;Practice;363.9488;92.72992;474.2315;50.16407;352.6423;25.22395;352.3779
28;29.021;0;Practice;365.9949;93.07645;475.9504;49.67085;352.572;50.17561;357.4668
28;29.154;0;Practice;367.9883;93.42018;477.6567;49.28647;352.5176;53.75213;359.1752
28;29.288;0;Practice;370.0133;93.76828;479.3845;50.13339;352.638;50.67397;359.6797
28;29.425;0;Practice;372.1171;94.11584;481.1071;51.43067;352.8254;48.82943;359.5506
28;29.556;0;Practice;374.1575;94.44278;482.725;51.53287;352.8404;47.79676;359.6359
28;29.690;0;Practice;376.2167;94.77995;484.3934;50.01981;352.6217;45.41159;359.1512
28;29.825;0;Practice;378.2473;95.13506;486.1537;47.66797;352.2925;42.35926;358.815
28;29.960;0;Practice;380.1871;95.50382;487.9865;45.17345;351.9578;40.20331;358.5367
28;30.092;0;Practice;382.0069;95.87847;489.8526;43.10043;351.6915;39.09856;358.3037
28;30.228;0;Practice;383.822;96.27644;491.8358;41.63237;351.5096;39.09369;358.2527
28;30.360;0;Practice;385.5449;96.6699;493.7971;40.8681;351.4171;40.00209;358.2067
28;30.495;0;Practice;387.2929;97.076;495.8185;40.83996;351.4137;40.84606;358.3339
28;30.630;0;Practice;389.0389;97.4792;497.8228;41.2772;351.4664;41.47564;358.3705
28;30.762;0;Practice;390.7716;97.87361;499.7802;41.67194;351.5143;41.74484;358.4889
28;30.897;0;Practice;392.5495;98.27435;501.7687;41.77621;351.5271;41.46365;358.5008
28;31.033;0;Practice;394.3349;98.67637;503.7668;41.58929;351.5043;41.12408;358.7
28;31.164;0;Practice;396.0494;99.06584;505.7018;41.276;351.4662;40.81298;358.8773
28;31.298;0;Practice;397.7932;99.46571;507.692;40.95345;351.4274;40.72396;359.0455
28;31.434;0;Practice;399.5463;99.87096;509.713;40.72428;351.3999;40.90944;359.303
28;31.568;0;Practice;401.268;100.2708;511.7103;40.61415;351.3867;40.92688;359.488
28;31.700;0;Practice;402.9759;100.6684;513.6976;40.55165;351.3793;41.13626;359.4343
28;31.836;0;Practice;404.7173;101.0745;515.7293;40.46122;351.3685;41.35638;359.5511
28;31.969;0;Practice;406.4185;101.472;517.7202;40.38643;351.3596;41.25868;359.5117
28;32.104;0;Practice;408.1464;101.8764;519.7483;40.31384;351.351;41.29989;359.3789
28;32.239;0;Practice;409.8749;102.2804;521.7809;40.25288;351.3438;41.41673;359.3097
28;32.371;0;Practice;411.5633;102.6752;523.7708;40.17176;351.3342;41.28394;359.1953
28;32.505;0;Practice;413.2743;103.0753;525.7934;40.01274;351.3155;41.17562;359.312
28;32.642;0;Practice;415.0118;103.4839;527.8628;39.74197;351.2837;40.62491;359.335
28;32.773;0;Practice;416.6686;103.8767;529.8577;39.44057;351.2485;40.4473;359.1857
28;32.907;0;Practice;418.3536;104.2801;531.9096;39.14281;351.2141;40.17052;359.196
28;33.041;0;Practice;420.0258;104.6837;533.967;38.899;351.186;39.89132;359.2279
28;33.177;0;Practice;421.7073;105.0926;536.054;38.657;351.1583;39.70614;359.374
28;33.309;0;Practice;423.3349;105.4909;538.0903;38.46949;351.137;39.45683;359.4838
28;33.443;0;Practice;424.9887;105.8972;540.1707;38.37714;351.1265;38.98182;359.3804
28;33.578;0;Practice;426.6359;106.3031;542.2502;38.2518;351.1123;38.88671;359.3224
28;33.712;0;Practice;428.282;106.7113;544.3413;38.02528;351.0868;38.56252;359.1662
28;33.845;0;Practice;429.8969;107.1156;546.4127;37.70739;351.0512;38.22648;359.0735
28;33.979;0;Practice;431.5107;107.5247;548.5076;37.36045;351.0128;38.14682;358.8832
28;34.113;0;Practice;433.1141;107.9358;550.6128;37.06839;350.9806;38.03903;358.8091
28;34.248;0;Practice;434.7173;108.3515;552.7382;36.81352;350.9527;37.85056;358.5247
28;34.382;0;Practice;436.297;108.7652;554.8517;36.59576;350.929;37.93744;358.4529
28;34.516;0;Practice;437.8734;109.182;556.9758;36.45775;350.9141;38.13147;358.3689
28;34.651;0;Practice;439.459;109.6029;559.1216;36.35818;350.9034;38.11924;358.4236
28;34.784;0;Practice;441.0274;110.0203;561.2514;36.26834;350.8937;38.08834;358.4491
28;34.917;0;Practice;442.5835;110.4356;563.3698;36.2592;350.8927;37.9569;358.3904
28;35.052;0;Practice;444.1612;110.8573;565.5162;36.34538;350.902;38.06036;358.331
28;35.186;0;Practice;445.7352;111.2782;567.6507;36.53382;350.9223;38.42134;358.2628
28;35.321;0;Practice;447.3307;111.703;569.7971;36.92314;350.9646;38.72859;358.1611
28;35.454;0;Practice;448.9136;112.1197;571.8952;37.41163;351.0183;39.07341;357.9677
28;35.588;0;Practice;450.531;112.541;574.008;37.76543;351.0576;39.05858;357.8962
28;35.724;0;Practice;452.1757;112.9673;576.1358;38.00921;351.0849;38.73593;357.7198
28;35.857;0;Practice;453.7981;113.3863;578.2181;38.25255;351.1123;38.30937;357.2897
28;35.990;0;Practice;455.4251;113.8042;580.2881;38.55033;351.1461;38.46675;356.9555
28;36.126;0;Practice;457.1024;114.2306;582.3962;38.94873;351.1916;39.20496;356.894
28;36.258;0;Practice;458.7456;114.6434;584.4338;39.34835;351.2377;39.6801;356.9614
28;36.393;0;Practice;460.4356;115.0631;586.5016;39.74112;351.2835;39.82447;357.0168
28;36.528;0;Practice;462.1361;115.4791;588.5544;40.08849;351.3242;39.85715;357.0381
28;36.660;0;Practice;463.8211;115.8867;590.566;40.35289;351.3555;39.89815;357.0975
28;36.794;0;Practice;465.5293;116.2959;592.5872;40.60771;351.3859;40.08124;356.9421
28;36.931;0;Practice;467.2845;116.7117;594.6435;40.89938;351.4207;42.35493;356.6818
28;37.062;0;Practice;468.9776;117.1088;596.6077;41.17503;351.454;50.78591;357.4843
28;37.206;0;Practice;470.7241;117.5141;598.6132;41.48199;351.4912;49.84361;356.8654
28;37.332;0;Practice;472.4985;117.9201;600.6227;42.009;351.5556;34.01885;353.5249
28;37.487;0;Practice;474.5446;118.3797;602.8933;42.62888;351.6324;356.7479;347.6134
28;37.621;0;Practice;476.3328;118.7756;604.8444;42.85112;351.6601;348.1899;349.2328
28;37.755;0;Practice;478.125;119.1714;606.7979;42.41255;351.6055;349.3479;349.9559
28;37.889;0;Practice;479.8945;119.5691;608.7657;41.34473;351.4745;350.0998;349.7436
28;38.023;0;Practice;481.6357;119.9718;610.7632;40.5036;351.3735;350.2432;349.9988
28;38.159;0;Practice;483.3814;120.3814;612.7986;40.21218;351.3389;351.3938;349.915
28;38.291;0;Practice;485.0824;120.7811;614.7864;40.11672;351.3276;353.4387;349.6413
28;38.425;0;Practice;486.796;121.183;616.7872;40.22379;351.3402;356.5316;349.4575
28;38.561;0;Practice;488.5534;121.5927;618.8277;40.56364;351.3806;11.9607;352.7703
28;38.693;0;Practice;490.2601;121.9867;620.7925;40.82808;351.4122;32.6384;356.3831
28;38.827;0;Practice;491.9963;122.3849;622.7798;41.1123;351.4464;38.98661;357.5675
28;38.963;0;Practice;493.7866;122.7889;624.7971;42.01144;351.5559;37.33401;357.4934
28;39.095;0;Practice;495.5486;123.1723;626.7095;43.29129;351.7154;35.41629;357.1879
28;39.239;0;Practice;497.5149;123.5823;628.7529;44.43289;351.8613;34.59789;356.7493
28;39.365;0;Practice;499.2835;123.9406;630.5376;44.91385;351.9237;34.69323;356.564
28;39.497;0;Practice;501.1299;124.3109;632.3821;45.01593;351.937;35.00234;356.721
28;39.631;0;Practice;503.0067;124.687;634.2556;44.95182;351.9287;34.7337;356.9059
28;39.767;0;Practice;504.8995;125.0688;636.158;44.54711;351.8761;33.96736;357.0881
28;39.899;0;Practice;506.7294;125.4448;638.0328;43.88052;351.7903;33.40243;357.0872
28;40.033;0;Practice;508.557;125.8287;639.9472;43.29995;351.7165;32.82115;357.1596
28;40.169;0;Practice;510.3928;126.2219;641.9085;42.67992;351.6386;32.0022;357.4075
28;40.301;0;Practice;512.1489;126.6073;643.8312;41.86525;351.5379;30.88417;357.3954
28;40.435;0;Practice;513.9044;127.0041;645.8107;40.86781;351.4169;29.30205;357.3291
28;40.572;0;Practice;515.6486;127.4134;647.8517;39.55605;351.2618;27.65291;357.2587
28;40.703;0;Practice;517.291;127.8167;649.8661;38.12346;351.0977;26.1858;357.0913
28;40.838;0;Practice;518.9138;128.233;651.9462;36.7541;350.9461;25.05186;357.0446
28;40.974;0;Practice;520.511;128.6611;654.0876;35.52032;350.814;24.38652;356.9937
28;41.106;0;Practice;522.0213;129.0815;656.1917;34.44824;350.7026;23.94309;356.9867
28;41.240;0;Practice;523.5244;129.5148;658.3597;33.48152;350.605;23.37204;356.9883
28;41.377;0;Practice;525.0149;129.9588;660.5815;32.60686;350.519;22.84101;356.988
28;41.508;0;Practice;526.422;130.3906;662.7397;31.85562;350.4469;22.27505;357.0557
28;41.644;0;Practice;527.8448;130.84;664.9847;31.03754;350.3703;21.92411;357.0346
28;41.778;0;Practice;529.2186;131.2863;667.2142;30.36994;350.3092;22.32434;357.0954
28;41.910;0;Practice;530.5626;131.7294;669.4266;30.48387;350.3195;23.56507;357.2756
28;42.044;0;Practice;531.9436;132.1782;671.6651;31.67481;350.4298;26.16542;357.663
28;42.180;0;Practice;533.4015;132.6257;673.895;34.04825;350.6619;29.5706;357.8895
28;42.312;0;Practice;534.9198;133.0498;676.0042;37.09337;350.9831;32.81126;358.2306
28;42.446;0;Practice;536.5704;133.4645;678.0626;40.24585;351.3427;35.76133;358.501
28;42.581;0;Practice;538.3447;133.8664;680.0532;43.23281;351.7079;38.06759;358.7422
28;42.713;0;Practice;540.1695;134.2431;681.9148;45.77529;352.0369;40.15985;359.0355
28;42.847;0;Practice;542.1041;134.6122;683.7352;47.99107;352.3367;41.93438;359.3933
28;42.983;0;Practice;544.1192;134.9718;685.5063;49.77337;352.5865;42.71825;359.5786
28;43.115;0;Practice;546.1298;135.3149;687.1896;50.76728;352.7289;43.16138;359.8355
28;43.250;0;Practice;548.1849;135.6598;688.8719;51.1072;352.7782;43.06859;359.8388
28;43.386;0;Practice;550.2729;136.0099;690.5742;50.90214;352.7484;42.26653;359.9221
28;43.518;0;Practice;552.2925;136.3508;692.2393;50.07527;352.6295;40.83124;359.8091
28;43.652;0;Practice;554.312;136.7013;693.9601;48.62843;352.4252;38.73621;359.6739
28;43.787;0;Practice;556.3146;137.0658;695.7557;46.83887;352.1793;36.16408;359.3791
28;43.920;0;Practice;558.2123;137.4309;697.5598;44.96329;351.9301;34.09885;359.2515
28;44.054;0;Practice;560.0812;137.8112;699.4456;43.21035;351.7051;32.3051;359.2383
28;44.190;0;Practice;561.9215;138.2035;701.4006;41.74615;351.5232;30.49121;359.2083
28;44.322;0;Practice;563.6631;138.5896;703.3348;40.26761;351.3453;28.84538;358.9853
28;44.456;0;Practice;565.3849;138.9899;705.3505;38.4726;351.1371;26.89286;358.8439
28;44.593;0;Practice;567.0772;139.406;707.4562;36.41083;350.9089;24.38686;358.5906
28;44.725;0;Practice;568.624;139.8155;709.5353;34.27258;350.6847;22.43437;358.4465
28;44.859;0;Practice;570.1301;140.2413;711.7063;32.36045;350.4952;21.48289;358.4149
28;44.995;0;Practice;571.5947;140.6776;713.9361;31.13716;350.3795;21.44594;358.3819
28;45.127;0;Practice;572.9875;141.1071;716.1308;30.82528;350.3507;22.9944;358.5362
28;45.261;0;Practice;574.3951;141.5434;718.3567;31.65644;350.4281;26.43475;358.7434
28;45.398;0;Practice;575.8815;141.9835;720.5966;34.51903;350.7098;32.67527;359.4921
28;45.529;0;Practice;577.4484;142.3898;722.6581;39.96761;351.3099;42.32046;0.3744092
28;45.663;0;Practice;579.2742;142.772;724.5872;47.86421;352.3193;53.71323;1.846944
28;45.797;0;Practice;581.3614;143.1;726.2289;57.2429;353.7106;64.14697;3.139248
28;45.931;0;Practice;583.6915;143.3605;727.5146;66.52689;355.2604;72.61159;4.481452
28;46.065;0;Practice;586.1937;143.5511;728.436;74.33051;356.6664;77.58913;5.6498
28;46.199;0;Practice;588.7966;143.6844;729.0581;79.74388;357.682;79.19079;6.29579
28;46.334;0;Practice;591.4468;143.7805;729.486;82.36609;358.1826;77.44892;6.225365
28;46.467;0;Practice;594.0898;143.8647;729.8533;81.68766;358.0526;72.70999;5.259923
28;46.602;0;Practice;596.733;143.9651;730.3068;78.00353;357.3526;65.85494;3.997395
28;46.735;0;Practice;599.3214;144.1039;730.9594;72.29798;356.2927;58.59361;2.685151
28;46.870;0;Practice;601.8384;144.2944;731.8808;66.06793;355.1803;53.01439;1.513727
28;47.004;0;Practice;604.2338;144.5282;733.0299;61.4575;354.3951;50.6468;0.9525031
28;47.137;0;Practice;606.5564;144.7895;734.3264;58.8301;353.9644;50.56816;0.7603391
28;47.272;0;Practice;608.8438;145.0673;735.7089;57.54356;353.7582;51.22279;0.8201451
28;47.406;0;Practice;611.0943;145.3489;737.1116;57.24353;353.7106;51.5915;0.7703208
28;47.540;0;Practice;613.351;145.6334;738.5296;57.00673;353.6732;50.87436;0.5481669
28;47.683;0;Practice;615.5871;145.9221;739.9653;55.82832;353.4885;48.74298;0.1129392
28;47.809;0;Practice;617.7948;146.225;741.4728;53.44925;353.1245;45.21882;359.5101
28;47.942;0;Practice;619.8981;146.5463;743.0755;49.44155;352.5394;40.39247;358.8863
28;48.076;0;Practice;621.8626;146.8993;744.8431;43.93831;351.7976;34.92354;357.9555
28;48.210;0;Practice;623.6478;147.2873;746.7948;38.70045;351.1631;31.0284;357.513
28;48.344;0;Practice;625.2826;147.6996;748.8752;36.17462;350.8835;32.64721;358.2487
28;48.478;0;Practice;626.8757;148.1127;750.9662;37.91334;351.0741;39.92362;358.8303
28;48.612;0;Practice;628.5894;148.5103;752.9782;43.46662;351.7375;49.8203;359.9289
28;48.746;0;Practice;630.519;148.872;754.7969;50.88788;352.7463;58.99243;1.452509
28;48.880;0;Practice;632.6829;149.1838;756.3505;58.65013;353.9353;66.0038;2.453042
28;49.014;0;Practice;635.0271;149.4419;757.6202;65.07272;355.0078;69.98328;3.212571
28;49.148;0;Practice;637.4861;149.656;758.6583;69.5474;355.795;71.43339;3.218506
28;49.283;0;Practice;640.0154;149.8416;759.5478;71.82909;356.2071;69.98022;3.057623
28;49.416;0;Practice;642.5474;150.0157;760.3795;71.61475;356.1681;66.57815;2.66737
28;49.550;0;Practice;645.0731;150.1995;761.262;69.52233;355.7905;62.84215;1.761378
28;49.694;0;Practice;647.7258;150.4206;762.3319;65.96007;355.1615;58.72303;1.35393
28;49.818;0;Practice;649.9664;150.6397;763.3998;62.76751;354.6145;57.13596;0.7918589
28;49.952;0;Practice;652.3168;150.8975;764.6633;60.84472;354.2935;57.46059;0.6026267
28;50.087;0;Practice;654.6498;151.1644;765.9726;61.00148;354.3194;59.56189;0.9397138
28;50.221;0;Practice;656.9961;151.4229;767.2374;62.99728;354.6534;63.59456;1.531755
28;50.355;0;Practice;659.4048;151.6624;768.4017;66.1424;355.1933;67.53251;2.131176
28;50.489;0;Practice;661.8643;151.8755;769.4277;69.14599;355.7231;69.00958;2.598306
28;50.623;0;Practice;664.3748;152.0692;770.3515;70.73656;356.0089;68.44598;2.352198
28;50.758;0;Practice;666.9222;152.2582;771.25;70.41013;355.95;65.72384;1.825754
28;50.891;0;Practice;669.4092;152.4529;772.1797;68.35513;355.5823;61.38665;1.218923
28;51.025;0;Practice;671.8624;152.6704;773.2268;65.00694;354.9964;57.42906;0.7480507
28;51.160;0;Practice;674.2539;152.9176;774.428;61.41122;354.3874;54.76082;0.2141835
28;51.293;0;Practice;676.5642;153.1887;775.7546;58.87789;353.972;53.52589;359.9893
28;51.427;0;Practice;678.83;153.475;777.1597;57.71793;353.7859;54.22269;0.2291552
28;51.563;0;Practice;681.1015;153.7682;778.6;57.99191;353.8296;56.6323;0.6578251
28;51.704;0;Practice;683.356;154.049;779.9769;59.86427;354.1323;60.03867;1.046607
28;51.830;0;Practice;685.6904;154.3149;781.2749;62.60075;354.5864;62.92059;1.752761
28;51.963;0;Practice;688.0735;154.5585;782.4557;65.12615;355.017;64.99895;2.135591
28;52.122;0;Practice;690.9659;154.8266;783.7474;67.18125;355.375;65.39713;1.947952
28;52.254;0;Practice;693.3951;155.0364;784.7524;67.84082;355.4912;63.25266;1.186452
28;52.388;0;Practice;695.8574;155.2475;785.7631;67.38539;355.4109;62.56006;1.197515
28;52.521;0;Practice;698.312;155.4653;786.8088;66.27696;355.2167;61.72326;1.030088
28;52.655;0;Practice;700.7493;155.6934;787.9077;65.0359;355.0015;60.62285;0.8052337
28;52.789;0;Practice;703.1568;155.9306;789.0547;63.83965;354.7964;59.72625;0.6715536
28;52.924;0;Practice;705.5507;156.1786;790.2578;62.65353;354.5953;58.92579;0.5673329
28;53.058;0;Practice;707.9095;156.434;791.4994;61.74436;354.4429;58.19269;0.3423934
28;53.192;0;Practice;710.2523;156.6961;792.7764;60.9534;354.3115;57.34414;0.134884
28;53.326;0;Practice;712.5755;156.9643;794.0856;60.14788;354.1788;59.15202;0.5100868
28;53.460;0;Practice;714.8811;157.2381;795.4236;59.58645;354.087;81.6291;1.832472
28;53.594;0;Practice;717.184;157.5164;796.785;59.17112;354.0195;109.3025;5.159968
28;53.728;0;Practice;719.4631;157.7964;798.1552;58.75451;353.9521;120.6927;7.740294
28;53.862;0;Practice;721.7455;158.08;799.5443;58.6851;353.9409;122.069;8.705987
28;53.996;0;Practice;724.0233;158.3606;800.9171;59.40583;354.0576;120.3174;8.027601
28;54.130;0;Practice;726.3336;158.6348;802.2565;60.59201;354.2518;119.6931;7.860835
28;54.264;0;Practice;728.6693;158.8999;803.5486;61.64755;354.4267;119.6677;7.694922
28;54.399;0;Practice;731.0334;159.1581;804.804;62.54206;354.5765;119.5637;7.348978
28;54.534;0;Practice;733.4263;159.4109;806.0311;63.2315;354.693;119.1937;7.082531
28;54.666;0;Practice;735.7858;159.6545;807.2114;63.65235;354.7644;115.7174;7.222491
28;54.802;0;Practice;738.2114;159.9012;808.4059;63.95048;354.8152;106.4061;7.692348
28;54.934;0;Practice;740.5768;160.1389;809.5562;64.22397;354.862;85.04567;8.989392
28;55.068;0;Practice;742.9846;160.3781;810.7128;64.52215;354.9131;59.75814;4.958618
28;55.204;0;Practice;745.433;160.6183;811.8729;64.77876;354.9572;53.08498;2.600947
28;55.336;0;Practice;747.8141;160.8508;812.9957;64.60277;354.9269;55.22316;2.603133
28;55.470;0;Practice;750.223;161.0896;814.1502;64.11282;354.843;58.52643;2.603283
28;55.606;0;Practice;752.6521;161.3342;815.3337;64.01521;354.8263;60.81889;2.178358
28;55.739;0;Practice;755.0317;161.5727;816.4875;64.34928;354.8834;62.57555;2.252789
28;55.872;0;Practice;757.4339;161.8092;817.6302;64.85582;354.9704;63.64212;2.349664
28;56.008;0;Practice;759.8859;162.0456;818.7709;65.32362;355.0511;64.30264;2.022276
28;56.140;0;Practice;762.2811;162.2724;819.8642;65.66085;355.1096;64.638;1.95724
28;56.276;0;Practice;764.7504;162.5033;820.9757;65.92951;355.1562;64.91573;1.933273
28;56.410;0;Practice;767.1906;162.7291;822.062;66.12293;355.1898;65.20032;1.836796
28;56.543;0;Practice;769.6053;162.9516;823.1298;66.2131;355.2056;65.4533;1.935113
28;56.677;0;Practice;772.0541;163.1769;824.2093;66.24417;355.211;65.60878;2.03827
28;56.815;0;Practice;774.5694;163.4088;825.3179;66.21275;355.2055;65.72369;2.083357
28;56.945;0;Practice;776.9557;163.6293;826.3698;66.27127;355.2157;65.91754;2.161637
28;57.079;0;Practice;779.4026;163.8546;827.4432;66.41048;355.24;65.96801;2.276289
28;57.215;0;Practice;781.8896;164.0828;828.5288;66.48344;355.2527;66.04682;2.249602
28;57.347;0;Practice;784.313;164.3049;829.585;66.48183;355.2524;65.92253;2.206389
28;57.481;0;Practice;786.7662;164.5304;830.6544;66.3914;355.2366;65.76779;2.295456
28;57.618;0;Practice;789.2635;164.7607;831.7429;66.26576;355.2147;65.36462;2.268753
28;57.749;0;Practice;791.675;164.9836;832.7968;66.03635;355.1747;65.0772;2.229476
28;57.883;0;Practice;794.1256;165.2125;833.8796;65.53013;355.0869;64.49945;2.121171
28;58.019;0;Practice;796.5984;165.4486;834.9987;64.78257;354.9578;63.77251;1.947201
28;58.151;0;Practice;798.9909;165.6838;836.116;63.90639;354.8076;62.92976;1.84111
28;58.285;0;Practice;801.3959;165.9286;837.2836;62.88066;354.6336;62.02202;1.768546
28;58.419;0;Practice;803.7783;166.1806;838.4896;61.84361;354.4594;61.08899;1.591568
28;58.553;0;Practice;806.1429;166.4399;839.7343;60.92187;354.3062;60.51602;1.381081
28;58.687;0;Practice;808.491;166.7057;841.0129;60.08608;354.1686;60.7068;1.269366
28;58.821;0;Practice;810.8179;166.977;842.3217;59.25966;354.0339;59.9932;1.066221
28;58.965;0;Practice;813.1303;167.254;843.6608;58.60043;353.9273;59.46409;0.8513436
28;59.090;0;Practice;815.4319;167.5352;845.0226;58.06363;353.8411;58.74789;0.7130057
28;59.224;0;Practice;817.7183;167.8197;846.4025;57.53725;353.7572;58.35388;0.5930328
28;59.357;0;Practice;819.9869;168.1069;847.7971;57.07228;353.6835;57.96003;0.5322155
28;59.492;0;Practice;822.2531;168.3983;849.2147;56.58947;353.6074;57.57843;0.4833833
28;59.626;0;Practice;824.5035;168.6925;850.6482;56.09889;353.5306;57.04568;0.5349649
28;59.759;0;Practice;826.7324;168.9881;852.088;55.63839;353.459;56.42132;0.5239934
28;59.894;0;Practice;828.9583;169.289;853.5546;55.21165;353.3929;56.29777;0.5033466
28;60.028;0;Practice;831.1743;169.5928;855.0342;54.92553;353.3489;56.33099;0.5802861
28;60.162;0;Practice;833.3823;169.8991;856.5185;54.86161;353.3391;56.46355;0.6195021
28;60.296;0;Practice;835.5845;170.2066;858.0058;54.81761;353.3324;56.51873;0.7232701
28;60.430;0;Practice;837.7874;170.5159;859.5007;54.75301;353.3224;56.20136;0.74493
28;60.564;0;Practice;839.9907;170.8266;861.0024;54.63166;353.3039;55.79607;0.6892019
28;60.698;0;Practice;842.1796;171.1368;862.5043;54.29665;353.2527;55.40059;0.629196
28;60.832;0;Practice;844.3616;171.4497;864.0239;53.85854;353.1862;54.85826;0.6548855
28;60.967;0;Practice;846.5479;171.7671;865.5676;53.49396;353.1312;54.62992;0.5678959
28;61.100;0;Practice;848.7054;172.0836;867.1068;53.20486;353.0877;54.36723;0.5901632
28;61.234;0;Practice;850.8563;172.4019;868.6558;52.9179;353.0448;53.87169;0.3955586
28;61.368;0;Practice;853.0142;172.724;870.2256;52.54247;352.9889;53.50619;0.1868739
28;61.502;0;Practice;855.1503;173.0469;871.8013;52.09627;352.9229;52.8703;0.05607629
28;61.636;0;Practice;857.2786;173.3733;873.395;51.57328;352.846;52.03487;359.9071
28;61.770;0;Practice;859.3959;173.7043;875.0112;50.89009;352.7466;50.9753;359.8567
28;61.905;0;Practice;861.5051;174.0406;876.6537;50.14739;352.6397;50.25629;359.6703
28;62.039;0;Practice;863.5782;174.3802;878.3154;49.40311;352.5339;49.76517;359.5582
28;62.172;0;Practice;865.634;174.7247;880.0014;48.75114;352.4422;49.38062;359.5909
28;62.307;0;Practice;867.684;175.075;881.7136;48.26007;352.3738;49.04768;359.6952
28;62.440;0;Practice;869.7053;175.4258;883.4228;47.89407;352.3232;48.9159;359.7712
28;62.575;0;Practice;871.735;175.7823;885.1548;47.60696;352.2838;48.38643;359.727
28;62.709;0;Practice;873.7606;176.1423;886.8979;47.30817;352.243;48.00641;359.6208
28;62.843;0;Practice;875.7745;176.5039;888.6472;46.93985;352.1929;47.54007;359.631
28;62.977;0;Practice;877.7833;176.8682;890.4155;46.51883;352.1361;47.0105;359.5748
28;63.111;0;Practice;879.7708;177.2332;892.1918;46.13904;352.0852;46.64343;359.451
28;63.245;0;Practice;881.7463;177.5998;893.9819;45.78696;352.0384;46.3098;359.3006
28;63.379;0;Practice;883.709;177.9684;895.7863;45.41179;351.9888;45.8121;359.1217
28;63.513;0;Practice;885.6549;178.3387;897.6033;44.96728;351.9305;45.3402;359.0583
28;63.647;0;Practice;887.5878;178.712;899.4423;44.42271;351.8598;44.85724;358.8952
28;63.782;0;Practice;889.5118;179.0894;901.3054;43.87041;351.7888;44.55115;358.8
28;63.915;0;Practice;891.3836;179.4658;903.1719;43.34043;351.7214;44.13244;358.8232
28;64.027;0;Practice;892.9553;179.7847;904.7544;42.91277;351.6676;43.83402;358.87
28;64.161;0;Practice;894.806;180.1677;906.6606;42.37022;351.6;43.26353;358.8363
28;64.297;0;Practice;896.6617;180.5586;908.6121;41.7886;351.5283;43.25264;358.8134
28;64.429;0;Practice;898.4522;180.942;910.5314;41.25235;351.463;42.57935;358.9519
28;64.563;0;Practice;900.2401;181.3309;912.4836;40.80479;351.4091;42.13656;358.9202
28;64.699;0;Practice;902.0447;181.7284;914.4835;40.50322;351.3732;41.6026;358.7328
28;64.831;0;Practice;903.7924;182.1146;916.4352;40.2686;351.3453;41.32383;358.8755
28;64.965;0;Practice;905.5569;182.5058;918.4224;40.07831;351.3228;40.91852;358.9998
28;65.101;0;Practice;907.3453;182.9012;920.4506;39.99022;351.3124;40.33383;358.918
28;65.234;0;Practice;909.0823;183.2854;922.4333;39.81878;351.2923;40.15058;358.797
28;65.367;0;Practice;910.8167;183.672;924.4329;39.60039;351.2668;39.96159;358.7364
28;65.503;0;Practice;912.5672;184.0659;926.4724;39.41654;351.2454;39.96801;358.6313
28;65.645;0;Practice;914.2682;184.4513;928.4704;39.25788;351.227;39.86328;358.6721
28;65.769;0;Practice;915.9755;184.8423;930.4946;39.07653;351.2061;39.82251;358.6437
28;65.905;0;Practice;917.7068;185.2426;932.5646;38.82084;351.1767;39.54844;358.6612
28;66.037;0;Practice;919.3689;185.6333;934.579;38.55435;351.1463;38.15582;358.6958
28;66.172;0;Practice;921.0468;186.0322;936.6358;38.29205;351.1165;37.98128;358.6031
28;66.307;0;Practice;922.7289;186.4378;938.7216;37.98826;351.0823;38.22041;358.6776
28;66.439;0;Practice;924.3614;186.8354;940.7674;37.74123;351.0547;37.94515;358.5419
28;66.573;0;Practice;926.0018;187.2371;942.8399;37.5822;351.037;37.94329;358.4714
28;66.709;0;Practice;927.6619;187.6461;944.9464;37.44756;351.0221;37.66745;358.4734
28;66.842;0;Practice;929.2764;188.046;947.0023;37.29319;351.005;37.43042;358.3517
28;66.976;0;Practice;930.9055;188.4525;949.0915;37.0937;350.983;37.18134;358.2986
28;67.111;0;Practice;932.5377;188.8656;951.2057;36.86746;350.9583;37.11397;358.1931
28;67.243;0;Practice;934.1164;189.271;953.2709;36.65719;350.9354;37.04029;358.2802
28;67.378;0;Practice;935.7119;189.6862;955.3774;36.53824;350.9225;36.91831;358.2528
28;67.512;0;Practice;937.2953;190.103;957.4854;36.4211;350.9098;36.96429;358.2186
28;67.646;0;Practice;938.8702;190.5219;959.6017;36.27564;350.8942;36.827;358.1802
28;67.782;0;Practice;940.4551;190.9456;961.7482;36.1157;350.877;36.56382;358.1007
28;67.914;0;Practice;941.9913;191.3603;963.8444;35.95737;350.86;36.5277;358.0997
28;68.050;0;Practice;943.5546;191.7857;965.9886;35.83781;350.8473;36.37255;358.1011
28;68.184;0;Practice;945.1031;192.2108;968.1247;35.78981;350.8422;36.31059;358.0702
28;68.316;0;Practice;946.6227;192.6304;970.2305;35.78456;350.8416;36.43443;357.9057
28;68.450;0;Practice;948.1569;193.0559;972.3634;35.77479;350.8406;36.40429;357.8539
28;68.586;0;Practice;949.7078;193.4872;974.5231;35.76759;350.8398;36.49908;357.7146
28;68.728;0;Practice;951.334;193.9409;976.7886;35.84107;350.8476;36.65868;357.7247
28;68.852;0;Practice;952.7505;194.3385;978.7612;35.94822;350.859;36.60521;357.6513
28;68.988;0;Practice;954.3055;194.7767;980.9246;36.03304;350.8681;36.85696;357.6895
28;69.120;0;Practice;955.8218;195.2046;983.029;36.1328;350.8788;37.52513;357.5479
28;69.256;0;Practice;957.3833;195.6444;985.1877;36.20594;350.8866;37.67749;357.5707
28;69.391;0;Practice;958.9291;196.0784;987.3184;36.30796;350.8975;37.62595;357.8462
28;69.522;0;Practice;960.4471;196.5014;989.4019;36.42202;350.9098;37.58416;357.7899
28;69.657;0;Practice;962.0089;196.9331;991.5361;36.47322;350.9153;37.396;357.6956
28;69.792;0;Practice;963.5794;197.3659;993.6785;36.46722;350.9147;37.29762;357.7237
28;69.924;0;Practice;965.1205;197.7894;995.7784;36.48009;350.9161;37.16997;357.7621
28;70.058;0;Practice;966.6816;198.2172;997.9033;36.40743;350.9082;36.95146;357.6497
28;70.194;0;Practice;968.2592;198.6511;1000.063;36.09945;350.8752;36.38732;357.712
28;70.326;0;Practice;969.7819;199.0745;1002.175;35.59364;350.8214;35.61008;357.6344
28;70.461;0;Practice;971.3068;199.507;1004.337;34.8356;350.7422;34.7549;357.6394
28;70.596;0;Practice;972.813;199.9461;1006.538;33.9118;350.6478;33.91396;357.6505
28;70.729;0;Practice;974.2507;200.3788;1008.713;32.98298;350.5555;33.20616;357.5696
28;70.863;0;Practice;975.6713;200.8196;1010.935;32.19582;350.4791;32.68705;357.7365
28;70.998;0;Practice;977.0837;201.2681;1013.201;31.69002;350.431;32.15071;357.5852
28;71.131;0;Practice;978.451;201.7084;1015.429;31.35315;350.3993;31.84525;357.5679
28;71.265;0;Practice;979.8161;202.1527;1017.685;30.98697;350.3653;31.21265;357.4558
28;71.401;0;Practice;981.1871;202.6045;1019.987;30.52526;350.323;30.6422;357.2489
28;71.533;0;Practice;982.4983;203.0428;1022.23;30.01674;350.2771;30.23164;357.1899
28;71.667;0;Practice;983.8177;203.4906;1024.531;29.5672;350.2372;29.7474;357.1333
28;71.803;0;Practice;985.132;203.9423;1026.86;29.21683;350.2065;29.83477;357.1307
28;71.936;0;Practice;986.4076;204.3845;1029.147;28.94528;350.1829;30.02468;357.0119
28;72.069;0;Practice;987.6787;204.8278;1031.447;28.81633;350.1718;30.22871;356.9767
28;72.205;0;Practice;988.9736;205.278;1033.792;28.97205;350.1852;30.6088;357.1122
28;72.338;0;Practice;990.2485;205.7196;1036.083;29.21519;350.2063;30.83787;357.2425
28;72.471;0;Practice;991.5376;206.1637;1038.384;29.36246;350.2191;30.95248;357.4108
28;72.607;0;Practice;992.8532;206.6145;1040.723;29.45503;350.2273;30.9048;357.3835
28;72.739;0;Practice;994.1372;207.0515;1042.997;29.55934;350.2364;30.84761;357.3411
28;72.874;0;Practice;995.4465;207.4943;1045.307;29.66999;350.2462;31.09388;357.3303
28;73.018;0;Practice;996.772;207.9396;1047.633;29.86545;350.2635;31.24309;357.3651
28;73.142;0;Practice;998.0772;208.3741;1049.902;30.13685;350.2878;31.42423;357.4237
28;73.276;0;Practice;999.4059;208.8134;1052.192;30.30249;350.3027;31.51647;357.3373
28;73.412;0;Practice;1000.763;209.2591;1054.52;30.37202;350.309;31.58621;357.1717
28;73.542;0;Practice;1002.064;209.6831;1056.742;30.38869;350.3105;31.60788;357.0793
28;73.676;0;Practice;1003.404;210.1194;1059.029;30.37529;350.3093;31.44043;357.173
28;73.810;0;Practice;1004.744;210.555;1061.31;30.40946;350.3124;31.43091;357.1745
28;73.945;0;Practice;1006.088;210.9916;1063.594;30.33798;350.3059;31.33392;357.1459
28;74.079;0;Practice;1007.427;211.4282;1065.874;30.23349;350.2965;31.09899;357.0587
28;74.213;0;Practice;1008.762;211.8669;1068.153;30.10235;350.2847;30.8861;357.1339
28;74.347;0;Practice;1010.092;212.3086;1070.438;29.84406;350.2616;30.38053;357.2039
28;74.481;0;Practice;1011.411;212.7529;1072.728;29.54465;350.2351;29.87971;357.2664
28;74.614;0;Practice;1012.719;213.1995;1075.021;29.21654;350.2064;29.59674;357.1383
28;74.749;0;Practice;1014.018;213.6492;1077.326;28.86111;350.1756;29.22068;357.1849
28;74.883;0;Practice;1015.301;214.1015;1079.635;28.49962;350.1447;28.88218;357.1164
28;75.017;0;Practice;1016.568;214.5561;1081.952;28.07097;350.1085;28.587;357.2177
28;75.151;0;Practice;1017.82;215.0137;1084.278;27.61586;350.0707;27.99657;357.2068
28;75.285;0;Practice;1019.058;215.4753;1086.623;27.14687;350.0325;27.74154;357.1711
28;75.419;0;Practice;1020.266;215.9351;1088.956;26.76108;350.0015;27.57374;357.0739
28;75.554;0;Practice;1021.476;216.4031;1091.33;26.46771;349.9782;27.40323;357.0506
28;75.668;0;Practice;1022.483;216.7976;1093.33;26.24478;349.9607;27.13488;357.054
28;75.800;0;Practice;1023.643;217.2579;1095.661;25.96941;349.9393;26.86689;357.0517
28;75.933;0;Practice;1024.8;217.7234;1098.016;25.71366;349.9196;26.58178;356.9861
28;76.068;0;Practice;1025.955;218.1937;1100.395;25.49278;349.9028;26.57678;356.873
28;76.202;0;Practice;1027.095;218.6627;1102.765;25.34488;349.8916;26.67941;356.8687
28;76.336;0;Practice;1028.233;219.1343;1105.148;25.2627;349.8854;26.80686;356.8131
28;76.470;0;Practice;1029.366;219.6055;1107.53;25.26056;349.8852;26.91942;356.8151
28;76.604;0;Practice;1030.505;220.0803;1109.92;25.40138;349.8958;26.95667;356.7945
28;76.738;0;Practice;1031.639;220.5534;1112.297;25.59956;349.9109;27.02143;356.6902
28;76.872;0;Practice;1032.775;221.0275;1114.671;25.70153;349.9187;27.22997;356.6669
28;77.006;0;Practice;1033.91;221.5033;1117.042;25.76761;349.9237;27.36465;356.8148
28;77.140;0;Practice;1035.049;221.9823;1119.42;25.94253;349.9372;27.5329;356.7726
28;77.274;0;Practice;1036.19;222.4599;1121.789;26.19622;349.9569;28.10731;356.8646
28;77.408;0;Practice;1037.341;222.9382;1124.161;26.48428;349.9795;28.566;356.9705
28;77.542;0;Practice;1038.497;223.4147;1126.523;26.86975;350.0101;29.05015;357.0173
28;77.677;0;Practice;1039.671;223.89;1128.882;27.45514;350.0575;29.93381;357.1208
28;77.811;0;Practice;1040.872;224.3636;1131.234;28.08626;350.1098;30.80658;357.3007
28;77.945;0;Practice;1042.088;224.8322;1133.563;28.80686;350.1709;31.47752;357.3361
28;78.079;0;Practice;1043.338;225.2998;1135.889;29.54934;350.2355;32.19101;357.3177
28;78.222;0;Practice;1044.693;225.7932;1138.346;30.11942;350.2862;32.67643;357.4419
28;78.347;0;Practice;1045.9;226.2227;1140.486;30.54768;350.3249;32.36781;357.3511
28;78.481;0;Practice;1047.207;226.6805;1142.77;30.8366;350.3513;32.37721;357.4645
28;78.616;0;Practice;1048.527;227.1405;1145.066;30.79419;350.3474;32.4099;357.4288
28;78.749;0;Practice;1049.84;227.5955;1147.338;30.75243;350.3436;32.23577;357.1207
28;78.883;0;Practice;1051.166;228.0524;1149.619;30.98484;350.365;33.35632;357.4455
28;79.017;0;Practice;1052.503;228.5068;1151.888;31.53611;350.4163;34.30104;357.6425
28;79.151;0;Practice;1053.869;228.9592;1154.149;32.38727;350.4973;35.0527;357.5085
28;79.286;0;Practice;1055.274;229.4084;1156.395;33.33308;350.5898;35.75536;357.5585
28;79.419;0;Practice;1056.698;229.8496;1158.602;33.98212;350.6547;36.17966;357.7487
28;79.533;0;Practice;1057.928;230.2236;1160.474;34.32603;350.6896;37.95088;357.941
28;79.665;0;Practice;1059.363;230.6545;1162.633;34.6104;350.7187;59.06969;0.5120283
28;79.887;0;Practice;1061.8;231.3761;1166.257;34.83184;350.7415;84.20015;3.797366
28;80.022;0;Practice;1063.303;231.8129;1168.455;35.42951;350.8039;89.27541;3.878063
28;80.156;0;Practice;1064.817;232.2431;1170.611;36.34358;350.9011;90.04776;3.568585
28;80.291;0;Practice;1066.375;232.6737;1172.763;37.0276;350.9754;89.64988;3.01485
28;80.425;0;Practice;1067.926;233.0964;1174.871;37.1845;350.9926;89.23989;3.174206
28;80.559;0;Practice;1069.489;233.5224;1176.994;37.01426;350.9739;88.65324;2.594764
28;80.693;0;Practice;1071.052;233.9493;1179.123;36.88153;350.9594;87.41156;2.253834
28;80.827;0;Practice;1072.61;234.3755;1181.251;36.81943;350.9527;86.64771;2.052869
28;80.962;0;Practice;1074.194;234.8065;1183.407;36.82951;350.9537;85.96563;2.014329
28;81.095;0;Practice;1075.742;235.2256;1185.505;36.95009;350.9669;74.21982;1.918844
28;81.229;0;Practice;1077.313;235.6482;1187.622;37.15688;350.9896;44.96178;359.8745
28;81.364;0;Practice;1078.914;236.0772;1189.766;37.3253;351.0081;30.05526;358.4002
28;81.497;0;Practice;1080.466;236.4934;1191.85;36.83747;350.9547;29.25855;357.9705
28;81.631;0;Practice;1082.025;236.9187;1193.985;35.50338;350.8116;29.10945;358.0362
28;81.767;0;Practice;1083.56;237.3543;1196.172;33.98687;350.6552;29.98737;357.7737
28;81.899;0;Practice;1085.01;237.7836;1198.326;32.59972;350.5178;31.75486;357.7568
28;82.033;0;Practice;1086.451;238.2261;1200.547;31.61791;350.424;32.86963;357.7255
28;82.178;0;Practice;1087.985;238.7069;1202.958;31.09374;350.375;33.99134;356.9514
28;82.301;0;Practice;1089.275;239.1152;1205.006;30.67997;350.3369;37.14854;356.587
28;82.435;0;Practice;1090.676;239.5659;1207.266;29.80956;350.2584;37.28887;355.9926
28;82.571;0;Practice;1092.055;240.0221;1209.554;28.59814;350.1529;37.7948;354.0285
28;82.703;0;Practice;1093.352;240.4738;1211.824;27.20627;350.0371;40.38467;351.0919
28;82.837;0;Practice;1094.615;240.9352;1214.145;25.75012;349.9222;37.29705;351.5335
28;82.973;0;Practice;1095.853;241.4069;1216.519;24.71594;349.8445;30.58082;352.5551
28;83.107;0;Practice;1097.035;241.875;1218.877;23.85872;349.7827;26.27719;353.2923
28;83.239;0;Practice;1098.177;242.342;1221.232;22.87672;349.7145;25.64595;353.4367
28;83.375;0;Practice;1099.306;242.8243;1223.667;21.84563;349.6462;25.51817;353.322
28;83.507;0;Practice;1100.365;243.2933;1226.037;20.96769;349.5906;24.60941;353.1469
28;83.643;0;Practice;1101.424;243.7812;1228.505;20.21034;349.5446;24.04771;353.1715
28;83.778;0;Practice;1102.44;244.2629;1230.942;19.52775;349.5047;24.08669;353.4529
28;83.909;0;Practice;1103.415;244.7382;1233.348;18.99616;349.4746;24.31876;353.5739
28;84.043;0;Practice;1104.391;245.2235;1235.805;18.81545;349.4646;24.70029;353.7248
28;84.179;0;Practice;1105.37;245.7163;1238.296;18.77787;349.4626;24.72225;353.6175
28;84.312;0;Practice;1106.319;246.1974;1240.725;18.69703;349.4581;24.19926;353.5295
28;84.445;0;Practice;1107.273;246.6848;1243.185;18.48571;349.4466;23.49073;353.5534
28;84.582;0;Practice;1108.229;247.1802;1245.688;18.23118;349.433;25.82774;352.1514
28;84.714;0;Practice;1109.155;247.6621;1248.127;18.07781;349.4248;27.25136;352.3963
28;84.848;0;Practice;1110.083;248.1491;1250.596;18.10036;349.426;26.73395;352.2754
28;84.984;0;Practice;1111.028;248.641;1253.108;18.38867;349.4414;27.62473;351.8043
28;85.116;0;Practice;1111.944;249.1171;1255.565;18.84542;349.4663;27.53271;352.5396
28;85.251;0;Practice;1112.88;249.596;1258.063;19.53263;349.505;27.05939;353.7487
28;85.386;0;Practice;1113.831;250.0744;1260.552;20.72739;349.5758;27.37496;355.4521
28;85.518;0;Practice;1114.803;250.5428;1262.983;22.21088;349.67;28.36026;356.6581
28;85.652;0;Practice;1115.83;251.013;1265.411;23.69462;349.771;29.44435;357.6176
28;85.788;0;Practice;1116.925;251.4897;1267.864;25.06081;349.8701;30.69493;358.8214
28;85.920;0;Practice;1118.026;251.9503;1270.231;25.95631;349.9381;31.14757;359.0893
28;86.054;0;Practice;1119.164;252.4153;1272.623;26.44593;349.9763;31.16123;358.9695
28;86.190;0;Practice;1120.331;252.8836;1275.036;26.98264;350.019;31.14642;358.8689
28;86.322;0;Practice;1121.487;253.3386;1277.38;27.7011;350.0775;31.35377;358.8748
28;86.457;0;Practice;1122.689;253.7995;1279.749;28.73905;350.1649;32.40251;358.8295
28;86.592;0;Practice;1123.938;254.2584;1282.103;29.9692;350.2725;33.48856;358.689
28;86.726;0;Practice;1125.217;254.7096;1284.413;30.9815;350.3645;33.84386;358.6352
28;86.858;0;Practice;1126.515;255.1549;1286.69;31.58429;350.4207;33.4435;358.4088
28;86.995;0;Practice;1127.851;255.608;1289.018;31.63033;350.425;33.11001;357.9816
28;87.127;0;Practice;1129.159;256.05;1291.284;31.18157;350.383;32.54475;357.9145
28;87.261;0;Practice;1130.472;256.4994;1293.581;30.58162;350.3278;32.3392;357.6803
28;87.397;0;Practice;1131.795;256.9586;1295.925;30.06491;350.2811;32.26229;357.9496
28;87.529;0;Practice;1133.068;257.4052;1298.204;29.795;350.257;32.1467;357.989
28;87.662;0;Practice;1134.357;257.859;1300.517;29.59541;350.2393;31.95094;357.8915
28;87.797;0;Practice;1135.645;258.3145;1302.838;29.30412;350.2137;31.31965;357.5614
28;87.931;0;Practice;1136.921;258.7707;1305.16;28.86944;350.176;30.10698;356.9704
28;88.065;0;Practice;1138.182;259.2292;1307.494;28.30948;350.1283;28.70448;356.6105
28;88.199;0;Practice;1139.419;259.6887;1309.831;27.65588;350.0738;27.46463;356.4782
28;88.333;0;Practice;1140.628;260.151;1312.183;26.87454;350.0103;26.7537;356.4642
28;88.467;0;Practice;1141.809;260.617;1314.552;26.05051;349.9453;25.38186;357.2954
28;88.601;0;Practice;1142.959;261.0867;1316.94;25.14177;349.876;24.77642;357.1287
28;88.735;0;Practice;1144.065;261.5574;1319.333;24.20533;349.8073;23.90788;356.7864
28;88.869;0;Practice;1145.135;262.0313;1321.74;23.32646;349.7452;23.13604;357.1357
28;89.003;0;Practice;1146.172;262.5098;1324.168;22.44601;349.6855;22.68755;357.3884
28;89.137;0;Practice;1147.176;262.9921;1326.614;21.69466;349.6364;22.59623;358.0418
28;89.272;0;Practice;1148.156;263.4782;1329.076;21.18859;349.6043;22.18957;357.9076
28;89.405;0;Practice;1149.11;263.9627;1331.526;20.74993;349.5771;21.94012;357.8269
28;89.539;0;Practice;1150.046;264.4495;1333.986;20.27016;349.5481;21.70736;357.9928
28;89.673;0;Practice;1150.961;264.9379;1336.452;19.79441;349.52;21.66095;357.9201
28;89.807;0;Practice;1151.86;265.4281;1338.927;19.63723;349.5109;21.4459;357.6343
28;89.941;0;Practice;1152.758;265.9185;1341.406;19.68035;349.5134;21.4929;357.8853
28;90.075;0;Practice;1153.655;266.4083;1343.884;19.69387;349.5142;21.81838;357.9117
28;90.209;0;Practice;1154.551;266.8978;1346.361;19.71561;349.5154;21.38833;357.4657
28;90.343;0;Practice;1155.445;267.3868;1348.838;19.62285;349.5101;21.27164;357.3116
28;90.477;0;Practice;1156.33;267.8765;1351.319;19.23879;349.4882;20.66767;357.1324
28;90.611;0;Practice;1157.194;268.3675;1353.81;18.68889;349.4576;20.10943;357.2397
28;90.745;0;Practice;1158.034;268.8596;1356.307;18.25117;349.4339;19.92352;357.2132
28;90.879;0;Practice;1158.857;269.3522;1358.809;17.88323;349.4145;20.11669;357.2889
28;91.014;0;Practice;1159.666;269.8469;1361.323;17.60653;349.4001;20.1559;357.0778
28;91.148;0;Practice;1160.461;270.3407;1363.833;17.38121;349.3887;20.01524;357.0438
28;91.282;0;Practice;1161.248;270.8358;1366.35;17.16394;349.3777;19.98548;357.2651
28;91.416;0;Practice;1162.025;271.3299;1368.862;17.08802;349.374;19.98674;357.3799
28;91.549;0;Practice;1162.799;271.823;1371.371;17.11377;349.3753;20.1993;357.386
28;91.685;0;Practice;1163.585;272.3221;1373.912;17.18986;349.3791;20.26087;357.3188
28;91.818;0;Practice;1164.36;272.813;1376.411;17.21784;349.3805;19.73251;357.3016
28;91.952;0;Practice;1165.14;273.3079;1378.93;17.06581;349.3729;18.7788;357.3577
28;92.085;0;Practice;1165.905;273.8012;1381.441;16.58388;349.3493;17.6818;357.395
28;92.219;0;Practice;1166.643;274.2979;1383.971;15.72212;349.3091;16.85638;357.1185
28;92.354;0;Practice;1167.341;274.797;1386.515;14.73856;349.2661;16.18902;357.087
28;92.488;0;Practice;1167.998;275.2972;1389.066;14.00776;349.2361;15.97153;357.0134
28;92.622;0;Practice;1168.628;275.798;1391.62;13.61166;349.2206;15.92828;357.1522
28;92.756;0;Practice;1169.247;276.3018;1394.192;13.49612;349.2161;16.32492;357.111
28;92.890;0;Practice;1169.862;276.8021;1396.746;13.63405;349.2214;16.579;356.9981
28;93.024;0;Practice;1170.486;277.3021;1399.298;13.89231;349.2315;16.82946;357.006
28;93.158;0;Practice;1171.123;277.8033;1401.857;14.05879;349.2381;16.60478;357.0121
28;93.292;0;Practice;1171.761;278.3036;1404.41;13.93773;349.2333;15.88163;357.127
28;93.427;0;Practice;1172.393;278.8069;1406.978;13.68292;349.2233;15.79814;357.0118
28;93.561;0;Practice;1173.017;279.3115;1409.552;13.56912;349.2189;16.03523;357.1056
28;93.694;0;Practice;1173.631;279.8091;1412.09;13.67332;349.223;16.41443;357.0135
28;93.829;0;Practice;1174.259;280.3111;1414.652;13.86514;349.2304;16.64673;356.9238
28;93.963;0;Practice;1174.892;280.8116;1417.206;13.96274;349.2343;16.36961;356.7553
28;94.096;0;Practice;1175.526;281.3118;1419.759;13.88908;349.2314;16.07128;356.5433
28;94.231;0;Practice;1176.154;281.8136;1422.32;13.60077;349.2202;15.75458;356.537
28;94.365;0;Practice;1176.768;282.3165;1424.888;13.25181;349.2069;15.4474;356.5696
28;94.499;0;Practice;1177.365;282.8174;1427.446;12.95311;349.1959;15.39297;356.555
28;94.633;0;Practice;1177.95;283.3197;1430.011;12.70014;349.1868;15.11214;356.6701
28;94.767;0;Practice;1178.524;283.8223;1432.578;12.44374;349.1777;14.69248;356.741
28;94.901;0;Practice;1179.085;284.3265;1435.155;12.03548;349.1638;14.16043;356.7585
28;95.034;0;Practice;1179.622;284.8292;1437.723;11.46821;349.1453;13.23518;356.8506
28;95.169;0;Practice;1180.134;285.3364;1440.316;10.72383;349.1227;12.16506;356.9949
28;95.305;0;Practice;1180.611;285.849;1442.937;9.692158;349.0942;10.82525;357.1016
28;95.504;0;Practice;1181.226;286.6021;1446.792;7.806171;349.0511;8.603616;357.0209
28;95.638;0;Practice;1181.559;287.1126;1449.407;6.430742;349.0271;7.337755;356.8365
28;95.772;0;Practice;1181.831;287.6246;1452.031;5.055017;349.0091;5.971564;356.7488
28;95.907;0;Practice;1182.043;288.1405;1454.677;3.641664;348.9972;4.544781;356.7172
28;96.040;0;Practice;1182.188;288.646;1457.272;2.2113;348.9917;3.399681;356.6574
28;96.174;0;Practice;1182.278;289.1596;1459.908;0.928869;348.9925;2.079065;356.56
28;96.308;0;Practice;1182.319;289.6719;1462.538;359.7541;348.9979;1.145757;356.4417
28;96.444;0;Practice;1182.309;290.1883;1465.189;358.5738;349.0079;359.9515;356.4695
28;96.576;0;Practice;1182.253;290.6956;1467.793;357.4606;349.0215;358.9844;356.5448
28;96.710;0;Practice;1182.15;291.2066;1470.416;356.5056;349.0364;358.6016;356.7031
28;96.844;0;Practice;1182.013;291.718;1473.04;355.9681;349.0461;358.6613;356.8398
28;96.979;0;Practice;1181.862;292.233;1475.682;356.1744;349.0423;0.02004501;356.8756
28;97.113;0;Practice;1181.737;292.7423;1478.292;357.4341;349.0219;2.152577;356.8269
28;97.247;0;Practice;1181.678;293.2558;1480.921;359.3825;349.0006;5.110456;356.6785
28;97.381;0;Practice;1181.713;293.7712;1483.557;1.95482;348.9914;8.678796;356.6767
28;97.516;0;Practice;1181.879;294.2874;1486.192;5.32742;349.0122;12.57956;356.8197
28;97.649;0;Practice;1182.208;294.7971;1488.79;9.540055;349.0903;17.54197;356.9272
28;97.783;0;Practice;1182.736;295.3021;1491.359;14.28503;349.2473;23.23278;357.1692
28;97.917;0;Practice;1183.478;295.7997;1493.884;19.2237;349.4874;28.53117;357.3825
28;98.052;0;Practice;1184.443;296.2895;1496.363;24.10216;349.7999;33.27131;357.7563
28;98.185;0;Practice;1185.59;296.7566;1498.719;28.64948;350.1572;37.43446;358.0574
28;98.319;0;Practice;1186.927;297.2095;1500.998;33.04635;350.5613;41.24733;358.4723
28;98.453;0;Practice;1188.427;297.6429;1503.173;36.93131;350.9647;44.22712;358.9085
28;98.588;0;Practice;1190.073;298.0614;1505.267;40.10528;351.3254;46.47896;359.2023
28;98.721;0;Practice;1191.802;298.4598;1507.256;42.37284;351.5997;46.79365;359.4577
28;98.855;0;Practice;1193.594;298.8499;1509.202;43.05683;351.6851;45.02481;359.3599
28;98.989;0;Practice;1195.393;299.2422;1511.158;42.00047;351.5537;42.31859;359.1348
28;99.125;0;Practice;1197.152;299.6465;1513.174;39.56599;351.2622;39.05992;358.9008
28;99.257;0;Practice;1198.782;300.0565;1515.225;36.47709;350.9153;36.69415;358.7226
28;99.391;0;Practice;1200.324;300.4842;1517.371;34.02363;350.6587;35.3441;358.5387
28;99.527;0;Practice;1201.811;300.9247;1519.583;32.80159;350.5373;35.08624;358.6127
28;99.662;0;Practice;1203.273;301.3694;1521.816;32.69457;350.5268;35.74747;358.5503
28;99.793;0;Practice;1204.693;301.799;1523.972;33.22828;350.5792;36.18426;358.5659
28;99.928;0;Practice;1206.18;302.2421;1526.194;33.63718;350.6198;36.17122;358.3715
28;100.061;0;Practice;1207.64;302.6752;1528.366;33.54091;350.6102;35.39162;358.1589
28;100.196;0;Practice;1209.115;303.1164;1530.577;32.99053;350.5558;34.02676;357.862
28;100.329;0;Practice;1210.549;303.5548;1532.775;32.0309;350.4629;33.11594;357.7528
28;100.464;0;Practice;1211.96;304.0016;1535.019;30.93112;350.3597;32.35879;357.562
28;100.597;0;Practice;1213.32;304.4478;1537.263;30.03093;350.2779;31.95173;357.5013
28;100.732;0;Practice;1214.662;304.9034;1539.557;29.35574;350.2181;31.54662;357.5953
28;100.866;0;Practice;1215.96;305.3554;1541.835;28.8257;350.1721;30.7558;357.4305
28;101.000;0;Practice;1217.243;305.8134;1544.145;28.22846;350.1213;29.91647;357.2842
28;101.133;0;Practice;1218.49;306.2724;1546.462;27.37542;350.0506;28.93152;357.1209
28;101.269;0;Practice;1219.715;306.7421;1548.835;26.43626;349.9753;27.96647;357.1299
28;101.402;0;Practice;1220.873;307.2039;1551.171;25.63183;349.9129;27.58786;357.0482
28;101.536;0;Practice;1222.012;307.6735;1553.548;24.97655;349.8636;27.33772;357.0771
28;101.670;0;Practice;1223.128;308.1464;1555.943;24.53782;349.8313;27.17148;357.0582
28;101.805;0;Practice;1224.235;308.6224;1558.354;24.4545;349.8252;27.34645;357.0919
28;101.938;0;Practice;1225.33;309.0927;1560.737;24.64256;349.8389;27.61666;357.1106
28;102.072;0;Practice;1226.437;309.5636;1563.123;24.92079;349.8594;28.20376;357.1174
28;102.206;0;Practice;1227.56;310.0348;1565.51;25.28839;349.8869;28.52593;357.0829
28;102.341;0;Practice;1228.707;310.5083;1567.909;25.66462;349.9155;28.566;357.1152
28;102.470;0;Practice;1229.813;310.9588;1570.191;25.88945;349.9327;28.78952;356.9984
28;102.608;0;Practice;1231.009;311.4427;1572.643;25.99233;349.9407;28.88858;357.0246
28;102.742;0;Practice;1232.169;311.9099;1575.009;26.12755;349.9512;29.21084;357.0115
28;102.877;0;Practice;1233.344;312.3799;1577.389;26.37562;349.9706;29.63984;357.1982
28;103.010;0;Practice;1234.516;312.843;1579.733;26.71386;349.9973;29.68875;357.1971
28;103.144;0;Practice;1235.71;313.3084;1582.089;26.97259;350.018;29.53462;357.0954
28;103.278;0;Practice;1236.91;313.7731;1584.44;26.9631;350.0172;29.08581;356.9985
28;103.414;0;Practice;1238.116;314.2427;1586.817;26.70943;349.9969;28.50493;356.9126
28;103.546;0;Practice;1239.284;314.7034;1589.149;26.3525;349.9688;28.22365;356.9271
28;103.680;0;Practice;1240.452;315.1716;1591.518;26.04707;349.9449;28.13391;357.0011
28;103.814;0;Practice;1241.609;315.642;1593.883;25.94097;349.9367;28.26213;356.9986
28;103.949;0;Practice;1242.769;316.1179;1596.252;25.98981;349.9405;28.60881;357.0239
28;104.083;0;Practice;1243.929;316.5949;1598.611;26.15379;349.9532;28.60304;357.0881
28;104.216;0;Practice;1245.089;317.069;1600.954;26.28016;349.9631;28.5999;357.1774
28;104.351;0;Practice;1246.258;317.5465;1603.31;26.27019;349.9623;28.54126;357.2884
28;104.485;0;Practice;1247.428;318.0247;1605.666;26.28678;349.9636;28.51745;357.1985
28;104.619;0;Practice;1248.602;318.503;1608.021;26.40382;349.9728;28.91001;357.2322
28;104.752;0;Practice;1249.776;318.9784;1610.361;26.67472;349.9942;29.14504;357.3069
28;104.887;0;Practice;1250.971;319.4558;1612.71;26.98741;350.0192;29.08784;357.2302
28;105.021;0;Practice;1252.174;319.9307;1615.054;27.07876;350.0266;28.59237;357.1504
28;105.155;0;Practice;1253.369;320.4029;1617.39;26.71701;349.9976;27.63336;356.9816
28;105.289;0;Practice;1254.546;320.8786;1619.749;25.90483;349.9339;26.62478;356.7574
28;105.423;0;Practice;1255.683;321.3553;1622.12;24.88184;349.8566;25.80531;356.7049
28;105.557;0;Practice;1256.782;321.8364;1624.515;23.93203;349.7877;24.94813;356.7645
28;105.691;0;Practice;1257.839;322.3174;1626.911;23.08759;349.7287;24.50905;356.84
28;105.827;0;Practice;1258.88;322.8098;1629.363;22.34295;349.6785;23.87982;356.994
28;105.959;0;Practice;1259.867;323.2893;1631.761;21.90631;349.6499;23.86269;356.8942
28;106.093;0;Practice;1260.855;323.7778;1634.205;21.60091;349.6303;23.72714;356.989
28;106.229;0;Practice;1261.839;324.2705;1636.68;21.32372;349.6127;23.63221;356.9003
28;106.361;0;Practice;1262.796;324.7531;1639.107;21.34472;349.614;23.8975;356.9622
28;106.495;0;Practice;1263.769;325.239;1641.557;21.74492;349.6395;24.7751;356.969
28;106.631;0;Practice;1264.775;325.7278;1644.028;22.58411;349.6946;25.72569;357.0429
28;106.764;0;Practice;1265.792;326.2018;1646.432;23.63338;349.7665;26.38062;357.2072
28;106.897;0;Practice;1266.853;326.6757;1648.839;24.57364;349.8339;27.09187;357.2254
28;107.033;0;Practice;1267.96;327.153;1651.265;25.28201;349.8864;27.26013;357.1395
28;107.166;0;Practice;1269.065;327.6193;1653.638;25.60526;349.9109;27.15436;357.2583
28;107.300;0;Practice;1270.184;328.088;1656.027;25.49342;349.9024;26.78082;357.2934
28;107.434;0;Practice;1271.297;328.5566;1658.418;25.22765;349.8823;26.5076;357.2119
28;107.568;0;Practice;1272.407;329.0267;1660.818;25.07252;349.8707;26.4588;357.2188
28;107.702;0;Practice;1273.51;329.4947;1663.211;24.99194;349.8647;26.52089;357.3791
28;107.836;0;Practice;1274.615;329.9636;1665.612;24.90695;349.8584;26.45374;357.4751
28;107.970;0;Practice;1275.718;330.4323;1668.015;24.8066;349.851;26.29834;357.4702
28;108.103;0;Practice;1276.814;330.8994;1670.411;24.65878;349.8401;26.08258;357.2583
28;108.238;0;Practice;1277.909;331.3682;1672.821;24.58063;349.8344;26.20215;357.3281
28;108.374;0;Practice;1279.023;331.8453;1675.272;24.57812;349.8342;26.25964;357.3004
28;108.506;0;Practice;1280.094;332.3036;1677.628;24.64588;349.8391;26.43077;357.3758
28;108.640;0;Practice;1281.193;332.7707;1680.031;24.80105;349.8506;26.24734;357.1654
28;108.774;0;Practice;1282.301;333.2392;1682.44;24.86185;349.855;25.80246;356.9755
28;108.908;0;Practice;1283.397;333.7044;1684.832;24.45443;349.8252;24.52213;356.6878
28;109.042;0;Practice;1284.469;334.1734;1687.245;23.33183;349.7455;22.61571;356.6198
28;109.176;0;Practice;1285.487;334.6478;1689.683;21.59845;349.63;20.79658;356.4911
28;109.310;0;Practice;1286.429;335.1266;1692.143;19.48396;349.5019;18.40707;356.2762
28;109.444;0;Practice;1287.284;335.6113;1694.628;17.23938;349.3813;16.62581;356.0721
28;109.578;0;Practice;1288.055;336.1028;1697.144;15.26667;349.2886;15.39914;356.2335
28;109.712;0;Practice;1288.758;336.6003;1699.685;13.95334;349.2337;15.22058;356.2434
28;109.846;0;Practice;1289.417;337.097;1702.216;13.36952;349.2111;15.53845;356.3846
28;109.981;0;Practice;1290.065;337.6001;1704.77;13.36351;349.2109;15.94667;356.3919
28;110.114;0;Practice;1290.714;338.1019;1707.316;13.89109;349.2313;16.99025;356.3841
28;110.248;0;Practice;1291.387;338.6002;1709.846;14.83913;349.2701;17.38171;356.4985
28;110.405;0;Practice;1292.221;339.1855;1712.818;15.56939;349.302;17.31355;356.4633
28;110.539;0;Practice;1292.943;339.68;1715.33;15.6781;349.3069;16.76104;356.3976
28;110.673;0;Practice;1293.667;340.1796;1717.869;15.46566;349.2974;16.05507;356.4921
28;110.807;0;Practice;1294.37;340.6751;1720.39;15.10446;349.2815;15.84204;356.473
28;110.941;0;Practice;1295.063;341.1751;1722.932;14.85154;349.2707;15.53221;352.1685
28;111.076;0;Practice;1295.748;341.6779;1725.482;14.69721;349.2642;10.48897;331.1183
28;111.209;0;Practice;1296.422;342.179;1728.016;14.57884;349.2592;7.03863;327.4426
28;111.343;0;Practice;1297.09;342.6866;1730.573;14.04875;349.2375;4.672969;328.8674
28;111.477;0;Practice;1297.727;343.1924;1733.119;13.13186;349.2023;6.363205;327.5197
28;111.611;0;Practice;1298.33;343.7002;1735.675;12.2116;349.1696;7.49749;326.0527
28;111.745;0;Practice;1298.902;344.2095;1738.238;11.50137;349.1462;7.743801;325.6823
28;111.879;0;Practice;1299.449;344.7204;1740.808;10.94916;349.1292;7.353598;325.8791
28;112.014;0;Practice;1299.978;345.2318;1743.384;10.50693;349.1162;6.295352;326.9721
28;112.147;0;Practice;1300.485;345.7414;1745.953;10.01542;349.1026;5.681327;326.9641
28;112.281;0;Practice;1300.967;346.2511;1748.528;9.321784;349.0847;5.017134;327.7354
28;112.416;0;Practice;1301.42;346.7633;1751.11;8.504966;349.0656;3.899061;332.2385
28;112.550;0;Practice;1301.834;347.2759;1753.696;7.757612;349.05;2.600308;343.3339
28;112.683;0;Practice;1302.227;347.7878;1756.277;7.915567;349.0532;1.669038;354.1198
28;112.817;0;Practice;1302.635;348.3001;1758.864;8.615101;349.068;359.5446;4.129894
28;112.952;0;Practice;1303.065;348.8129;1761.454;8.918591;349.075;353.1021;9.996009
28;113.085;0;Practice;1303.484;349.3241;1764.036;8.031027;349.0555;352.4657;5.54105
28;113.220;0;Practice;1303.843;349.8387;1766.638;5.974132;349.0202;341.2766;349.8591
28;113.353;0;Practice;1304.098;350.3525;1769.241;3.452525;348.9958;329.7478;340.3477
28;113.487;0;Practice;1304.247;350.8676;1771.855;1.253868;348.9915;317.5458;334.5169
28;113.621;0;Practice;1304.303;351.3826;1774.472;359.2163;349.0017;308.1523;333.7231
28;113.756;0;Practice;1304.262;351.8979;1777.095;356.886;349.0299;295.1647;336.2207
28;113.889;0;Practice;1304.108;352.4098;1779.707;353.8821;349.0925;289.2071;341.5653
28;114.024;0;Practice;1303.781;352.9197;1782.317;349.667;349.2295;294.4359;343.2499
28;114.159;0;Practice;1303.232;353.4237;1784.907;344.2343;349.4903;300.6554;350.1863
28;114.292;0;Practice;1302.446;353.9021;1787.376;338.3754;349.8756;292.7523;352.6698
28;114.426;0;Practice;1301.394;354.3673;1789.786;332.6256;350.3557;288.5908;347.8056
28;114.560;0;Practice;1300.112;354.8089;1792.084;327.5421;350.861;284.8693;347.1728
28;114.695;0;Practice;1298.637;355.2302;1794.285;323.8431;351.2743;282.3208;349.4007
28;114.828;0;Practice;1297.064;355.6299;1796.38;321.7065;351.5299;282.1558;353.0926
28;114.962;0;Practice;1295.412;356.0224;1798.442;320.2284;351.7138;285.8235;356.698
28;115.096;0;Practice;1293.709;356.4068;1800.463;319.0205;351.8682;290.5474;0.07717433
28;115.232;0;Practice;1291.951;356.7915;1802.477;317.9807;352.0041;290.8018;2.733613
28;115.364;0;Practice;1290.18;357.1626;1804.413;315.8383;352.2925;289.3001;4.981738
28;115.387;1;Smell;1262.211;357.2325;1805.382;248.451;4.401395;244.6325;58.04791
28;115.521;1;Smell;1259.739;357.0213;1804.371;246.7252;4.705749;242.6663;58.51255
28;115.655;1;Smell;1257.297;356.7958;1803.286;245.0436;4.997952;240.6711;58.85093
28;115.789;1;Smell;1254.887;356.5573;1802.132;243.4252;5.274952;238.7704;59.31463
28;115.923;1;Smell;1252.523;356.308;1800.919;241.829;5.54377;236.8009;59.78299
28;116.057;1;Smell;1250.181;356.0453;1799.635;240.209;5.811972;234.9689;60.11307
28;116.191;1;Smell;1247.885;355.7716;1798.292;238.5845;6.076072;232.9874;60.42007
28;116.326;1;Smell;1245.625;355.4857;1796.882;236.9675;6.333889;231.0362;60.74483
28;116.461;1;Smell;1243.389;355.1862;1795.4;235.3517;6.586232;229.0105;60.99875
28;116.594;1;Smell;1241.233;354.8807;1793.882;233.7552;6.83025;227.0567;61.35554
28;116.728;1;Smell;1239.099;354.5609;1792.289;232.1204;7.074413;225.0532;61.72269
28;116.861;1;Smell;1237.023;354.2311;1790.642;230.5139;7.308542;223.032;62.03766
28;116.995;1;Smell;1234.992;353.8908;1788.939;228.9772;7.526969;221.1584;62.22955
28;117.130;1;Smell;1232.998;353.5388;1787.175;227.504;7.731141;219.4425;62.41062
28;117.264;1;Smell;1231.062;353.1794;1785.372;226.0752;7.92416;217.3686;62.47863
28;117.398;1;Smell;1229.168;352.8095;1783.516;224.6568;8.110776;215.6209;62.82991
28;117.532;1;Smell;1227.322;352.4304;1781.614;223.2434;8.291688;213.9268;63.08215
28;117.666;1;Smell;1225.527;352.0434;1779.671;221.8432;8.465842;211.9981;63.31688
28;117.800;1;Smell;1223.776;351.6471;1777.679;220.45;8.634006;210.219;63.50319
28;117.934;1;Smell;1222.075;351.243;1775.646;219.0783;8.794541;208.4585;63.6222
28;118.068;1;Smell;1220.426;350.8318;1773.578;217.7669;8.943277;206.8087;63.79459
28;118.202;1;Smell;1218.828;350.4152;1771.479;216.5408;9.078055;205.3987;63.94537
28;118.337;1;Smell;1217.261;349.9882;1769.328;215.3115;9.208971;203.607;64.04561
28;118.470;1;Smell;1215.757;349.5595;1767.165;214.0735;9.336531;201.9259;64.08265
28;118.604;1;Smell;1214.297;349.1235;1764.965;212.7944;9.463729;200.139;64.17946
28;118.738;1;Smell;1212.884;348.6799;1762.725;211.4506;9.592271;198.5053;64.06393
28;118.872;1;Smell;1211.531;348.2327;1760.464;210.0638;9.719385;197.5106;64.42703
28;119.006;1;Smell;1210.228;347.7773;1758.16;208.7089;9.838091;196.5407;64.7867
28;119.140;1;Smell;1208.982;347.319;1755.839;207.485;9.940619;196.1642;65.18028
28;119.275;1;Smell;1207.775;346.8525;1753.476;206.4627;10.0228;196.9525;65.70093
28;119.408;1;Smell;1206.619;346.3882;1751.124;205.752;10.07808;197.7913;66.45708
28;119.542;1;Smell;1205.48;345.9179;1748.739;205.2099;10.11922;200.5029;67.87959
28;119.676;1;Smell;1204.369;345.4471;1746.351;204.4893;10.1725;204.1722;70.04562
28;119.810;1;Smell;1203.289;344.9722;1743.941;203.6274;10.23413;211.4129;73.45332
28;119.945;1;Smell;1202.248;344.4948;1741.516;202.6559;10.30086;214.5602;75.05357
28;120.079;1;Smell;1201.25;344.0136;1739.07;201.4775;10.37786;211.7032;75.93474
28;120.212;1;Smell;1200.313;343.5305;1736.613;199.9358;10.47206;208.8253;77.82348
28;120.347;1;Smell;1199.454;343.0394;1734.113;197.1918;10.62121;201.5341;76.92591
28;120.480;1;Smell;1198.757;342.5435;1731.585;192.6515;10.81536;187.5865;76.91977
28;120.617;1;Smell;1198.289;342.0269;1728.942;185.8088;10.98221;154.9627;76.94585
28;120.749;1;Smell;1198.174;341.5228;1726.353;177.6615;10.98161;140.7393;76.4092
28;120.883;1;Smell;1198.44;341.0168;1723.743;169.6035;10.76811;140.478;77.80324
28;121.017;1;Smell;1199.027;340.5212;1721.177;164.1467;10.50484;158.632;78.01806
28;121.151;1;Smell;1199.762;340.0341;1718.649;164.5847;10.52946;185.6615;73.52099
28;121.285;1;Smell;1200.348;339.5357;1716.068;171.7913;10.84688;204.6791;73.2812
28;121.419;1;Smell;1200.563;339.029;1713.455;179.8732;11.00324;227.7697;71.70648
28;121.553;1;Smell;1200.449;338.5178;1710.83;185.2128;10.98952;245.1086;68.94408
28;121.687;1;Smell;1200.208;338.0053;1708.202;183.7881;11.0023;247.6357;68.2595
28;121.821;1;Smell;1200.173;337.4955;1705.581;174.4657;10.92216;238.0858;70.20355
28;121.955;1;Smell;1200.727;336.9995;1703.013;158.3344;10.1214;210.9778;73.62772
28;122.088;1;Smell;1201.973;336.5587;1700.709;142.2058;8.530945;173.1841;72.46101
28;122.223;1;Smell;1203.832;336.2021;1698.818;126.1296;6.267821;139.2497;70.74008
28;122.357;1;Smell;1206.15;335.9612;1697.508;110.2123;3.524045;115.6862;68.22076
28;122.493;1;Smell;1208.784;335.8537;1696.874;94.1691;0.4689908;96.11321;65.31738
28;122.625;1;Smell;1211.418;335.8902;1696.981;78.58147;357.4609;77.84977;60.96425
28;122.759;1;Smell;1213.949;336.0652;1697.803;62.74288;354.6096;60.81614;54.2454
28;122.895;1;Smell;1216.181;336.3711;1699.307;46.59291;352.1452;51.8825;50.81807
28;123.027;1;Smell;1217.865;336.7678;1701.296;31.306;350.3942;56.41919;51.70366
28;123.161;1;Smell;1218.958;337.2397;1703.689;14.99772;349.2767;51.40644;46.88642
28;123.297;1;Smell;1219.332;337.754;1706.323;358.3921;349.0095;39.00215;48.26042
28;123.410;1;Smell;1219.056;338.1805;1708.524;344.5694;349.4714;23.6198;45.73508
28;123.541;1;Smell;1218.093;338.6371;1710.902;328.7025;350.7391;0.8201519;44.48716
28;123.675;1;Smell;1216.464;339.0322;1712.984;312.5681;352.754;339.2357;46.69005
28;123.809;1;Smell;1214.307;339.3228;1714.545;296.5652;355.3336;313.0094;53.56546
28;123.943;1;Smell;1211.805;339.4847;1715.454;280.7588;358.2567;288.8799;64.35622
28;124.076;1;Smell;1209.153;339.5068;1715.649;265.0385;1.304044;260.9512;73.38416
28;124.211;1;Smell;1206.533;339.387;1715.114;249.6344;4.190394;223.1555;77.67526
28;124.354;1;Smell;1204.081;339.1685;1714.066;245.4009;4.936472;195.9595;81.27405
28;124.479;1;Smell;1201.615;338.9526;1713.031;252.2297;3.720782;171.095;84.88773
28;124.613;1;Smell;1198.998;338.8291;1712.476;266.8215;0.9591212;52.28492;88.1206
28;124.747;1;Smell;1196.334;338.8439;1712.634;282.596;357.905;348.1196;86.41199
28;124.880;1;Smell;1193.819;338.999;1713.509;298.4233;355.0103;326.6158;81.47136
28;125.015;1;Smell;1191.636;339.2841;1715.042;314.4698;352.4826;312.9208;77.47354
28;125.148;1;Smell;1189.987;339.6721;1717.087;330.5146;350.5565;318.1056;74.55648
28;125.283;1;Smell;1188.969;340.1394;1719.522;346.8538;349.3527;331.3011;69.44386
28;125.417;1;Smell;1188.635;340.6434;1722.125;359.4566;348.9996;331.3809;73.93122
28;125.550;1;Smell;1188.735;341.1546;1724.75;4.373573;349.0021;356.6543;80.62734
28;125.687;1;Smell;1188.896;341.668;1727.385;0.4858307;348.9936;316.5578;88.34329
28;125.819;1;Smell;1188.717;342.1762;1730.005;349.0317;349.2551;272.0292;86.06582
28;125.953;1;Smell;1187.934;342.659;1732.512;333.3153;350.2929;277.2707;83.81921
28;126.087;1;Smell;1186.477;343.0792;1734.717;317.115;352.1194;217.0473;87.30804
28;126.221;1;Smell;1184.456;343.4018;1736.439;301.0933;354.5556;50.92551;83.51103
28;126.355;1;Smell;1182.034;343.6017;1737.542;285.244;357.4024;120.5412;88.15315
28;126.489;1;Smell;1179.392;343.6648;1737.947;270.1147;0.3197792;81.94476;86.61111
28;126.623;1;Smell;1176.731;343.6075;1737.734;260.0305;2.264542;74.26465;84.56155
28;126.757;1;Smell;1174.108;343.4834;1737.177;256.68;2.89722;29.86651;84.31969
28;126.891;1;Smell;1171.489;343.3559;1736.601;259.9014;2.289061;14.80729;79.60767
28;127.025;1;Smell;1168.84;343.2745;1736.264;267.4707;0.8332916;358.9676;75.13462
28;127.160;1;Smell;1166.137;343.2766;1736.358;279.2095;358.5548;348.7914;73.62627
28;127.293;1;Smell;1163.579;343.3948;1737.044;293.3317;355.9085;89.53392;81.87999
28;127.428;1;Smell;1161.251;343.6376;1738.364;308.3086;353.3914;202.0645;75.73411
28;127.561;1;Smell;1159.361;343.9839;1740.203;322.2457;351.4644;221.7258;69.71723
28;127.695;1;Smell;1157.937;344.407;1742.422;333.7466;350.2544;244.9153;71.50563
28;127.830;1;Smell;1156.907;344.8771;1744.872;341.4198;349.6621;255.4107;69.60512
28;127.964;1;Smell;1156.152;345.3635;1747.397;344.9746;349.4492;252.6301;61.38305
28;128.098;1;Smell;1155.451;345.8506;1749.923;343.1123;349.5558;238.9036;59.98253
28;128.388;1;Smell;1153.484;346.8807;1755.281;327.6179;350.853;216.9794;58.46436
